wavelength_um,transit_depth,transit_depth_ppm,atmosphere,name,scenario
0.5,0.0050253486624477475,5025.348662447747,A,N₂-dominated (Earth-like),postflare_cumul
0.505025083542084,0.005024750379489207,5024.750379489207,A,N₂-dominated (Earth-like),postflare_cumul
0.5101006700133779,0.005024157907512431,5024.157907512431,A,N₂-dominated (Earth-like),postflare_cumul
0.5152272669767585,0.005023571308767062,5023.571308767062,A,N₂-dominated (Earth-like),postflare_cumul
0.5204053870961941,0.005022990559772267,5022.990559772267,A,N₂-dominated (Earth-like),postflare_cumul
0.5256355481880121,0.00502241553798377,5022.41553798377,A,N₂-dominated (Earth-like),postflare_cumul
0.5309182732726798,0.005021846009105117,5021.8460091051165,A,N₂-dominated (Earth-like),postflare_cumul
0.5362540906271083,0.005021281615602493,5021.281615602494,A,N₂-dominated (Earth-like),postflare_cumul
0.5416435338374793,0.005020721867019185,5020.721867019185,A,N₂-dominated (Earth-like),postflare_cumul
0.5470871418526052,0.005020166132696665,5020.166132696665,A,N₂-dominated (Earth-like),postflare_cumul
0.5525854590378239,0.0050196136374906376,5019.613637490637,A,N₂-dominated (Earth-like),postflare_cumul
0.5581390352294356,0.0050190634610201654,5019.063461020165,A,N₂-dominated (Earth-like),postflare_cumul
0.5637484257896879,0.005018514540906696,5018.514540906696,A,N₂-dominated (Earth-like),postflare_cumul
0.5694141916623109,0.005017965680350415,5017.965680350415,A,N₂-dominated (Earth-like),postflare_cumul
0.5751368994286137,0.005017415560259057,5017.415560259057,A,N₂-dominated (Earth-like),postflare_cumul
0.5809171213641415,0.005016862755995927,5016.862755995927,A,N₂-dominated (Earth-like),postflare_cumul
0.5867554354959051,0.0050163057586577325,5016.305758657732,A,N₂-dominated (Earth-like),postflare_cumul
0.5926524256601827,0.005015743000636336,5015.743000636336,A,N₂-dominated (Earth-like),postflare_cumul
0.5986086815609051,0.005015172885069249,5015.172885069249,A,N₂-dominated (Earth-like),postflare_cumul
0.6046247988286257,0.005014593818646429,5014.593818646429,A,N₂-dominated (Earth-like),postflare_cumul
0.6107013790800849,0.005014004254664652,5014.004254664652,A,N₂-dominated (Earth-like),postflare_cumul
0.6168390299783716,0.00501353039441687,5013.53039441687,A,N₂-dominated (Earth-like),postflare_cumul
0.6230383652936904,0.005031414990093326,5031.414990093325,A,N₂-dominated (Earth-like),postflare_cumul
0.6293000049647389,0.005048098983508631,5048.098983508631,A,N₂-dominated (Earth-like),postflare_cumul
0.6356245751607024,0.0050164558635031635,5016.4558635031635,A,N₂-dominated (Earth-like),postflare_cumul
0.6420127083438707,0.005010854693008281,5010.854693008281,A,N₂-dominated (Earth-like),postflare_cumul
0.6484650433328859,0.005010173644340628,5010.173644340628,A,N₂-dominated (Earth-like),postflare_cumul
0.6549822253666236,0.0050094782318347315,5009.478231834732,A,N₂-dominated (Earth-like),postflare_cumul
0.6615649061687184,0.005008765756808095,5008.765756808095,A,N₂-dominated (Earth-like),postflare_cumul
0.668213744012736,0.005008036616859649,5008.036616859649,A,N₂-dominated (Earth-like),postflare_cumul
0.6749294037880016,0.005007333956359302,5007.333956359302,A,N₂-dominated (Earth-like),postflare_cumul
0.6817125570660889,0.005033099517213763,5033.099517213764,A,N₂-dominated (Earth-like),postflare_cumul
0.6885638821679786,0.005066109959247207,5066.1099592472065,A,N₂-dominated (Earth-like),postflare_cumul
0.6954840642318901,0.005021710076335782,5021.710076335782,A,N₂-dominated (Earth-like),postflare_cumul
0.7024737952817969,0.005004948908218954,5004.948908218955,A,N₂-dominated (Earth-like),postflare_cumul
0.7095337742966287,0.00500683753564084,5006.83753564084,A,N₂-dominated (Earth-like),postflare_cumul
0.7166647072801701,0.005009576277427771,5009.576277427771,A,N₂-dominated (Earth-like),postflare_cumul
0.7238673073316623,0.0050088734779161,5008.8734779161005,A,N₂-dominated (Earth-like),postflare_cumul
0.7311422947171122,0.0050045078332515485,5004.507833251549,A,N₂-dominated (Earth-like),postflare_cumul
0.7384903969413213,0.005000878349047456,5000.878349047456,A,N₂-dominated (Earth-like),postflare_cumul
0.7459123488206352,0.005000722624893847,5000.722624893847,A,N₂-dominated (Earth-like),postflare_cumul
0.7534088925564268,0.005054891153267399,5054.891153267399,A,N₂-dominated (Earth-like),postflare_cumul
0.7609807778093168,0.005092384641560079,5092.384641560078,A,N₂-dominated (Earth-like),postflare_cumul
0.7686287617741407,0.005070108548552203,5070.1085485522035,A,N₂-dominated (Earth-like),postflare_cumul
0.776353609255668,0.00500322439479373,5003.22439479373,A,N₂-dominated (Earth-like),postflare_cumul
0.7841560927450845,0.004995676958852505,4995.676958852505,A,N₂-dominated (Earth-like),postflare_cumul
0.7920369924972409,0.004995773431069058,4995.7734310690585,A,N₂-dominated (Earth-like),postflare_cumul
0.7999970966086801,0.005000528362787008,5000.528362787008,A,N₂-dominated (Earth-like),postflare_cumul
0.8080372010964467,0.005010563940924277,5010.563940924277,A,N₂-dominated (Earth-like),postflare_cumul
0.8161581099776894,0.005018049090724267,5018.0490907242665,A,N₂-dominated (Earth-like),postflare_cumul
0.8243606353500641,0.005017619089812281,5017.619089812281,A,N₂-dominated (Earth-like),postflare_cumul
0.8326455974729432,0.005008911477525299,5008.911477525299,A,N₂-dominated (Earth-like),postflare_cumul
0.8410138248494432,0.004997006036742515,4997.006036742515,A,N₂-dominated (Earth-like),postflare_cumul
0.8494661543092753,0.004995676958852505,4995.676958852505,A,N₂-dominated (Earth-like),postflare_cumul
0.8580034310924293,0.004995676958852505,4995.676958852505,A,N₂-dominated (Earth-like),postflare_cumul
0.8666265089336976,0.004995676958852505,4995.676958852505,A,N₂-dominated (Earth-like),postflare_cumul
0.8753362501480506,0.004995676958852505,4995.676958852505,A,N₂-dominated (Earth-like),postflare_cumul
0.8841335257168677,0.004995676958852505,4995.676958852505,A,N₂-dominated (Earth-like),postflare_cumul
0.8930192153750367,0.004997370420818187,4997.370420818187,A,N₂-dominated (Earth-like),postflare_cumul
0.9019942076989285,0.005009477766557341,5009.477766557341,A,N₂-dominated (Earth-like),postflare_cumul
0.9110594001952544,0.005022380468823513,5022.380468823513,A,N₂-dominated (Earth-like),postflare_cumul
0.9202156993908187,0.005032907550323974,5032.907550323975,A,N₂-dominated (Earth-like),postflare_cumul
0.929464020923171,0.00503977479609762,5039.774796097619,A,N₂-dominated (Earth-like),postflare_cumul
0.9388052896321716,0.005042484906731673,5042.484906731673,A,N₂-dominated (Earth-like),postflare_cumul
0.9482404396524757,0.0050408053955434354,5040.805395543435,A,N₂-dominated (Earth-like),postflare_cumul
0.9577704145069481,0.005034633712943215,5034.633712943215,A,N₂-dominated (Earth-like),postflare_cumul
0.9673961672010158,0.005024059163571387,5024.059163571387,A,N₂-dominated (Earth-like),postflare_cumul
0.9771186603179698,0.005009765500512256,5009.765500512256,A,N₂-dominated (Earth-like),postflare_cumul
0.9869388661152239,0.004995676958852505,4995.676958852505,A,N₂-dominated (Earth-like),postflare_cumul
0.9968577666215412,0.004995676958852505,4995.676958852505,A,N₂-dominated (Earth-like),postflare_cumul
1.0068763537352383,0.004995676958852505,4995.676958852505,A,N₂-dominated (Earth-like),postflare_cumul
1.0169956293233753,0.004995676958852505,4995.676958852505,A,N₂-dominated (Earth-like),postflare_cumul
1.0272166053219438,0.004995676958852505,4995.676958852505,A,N₂-dominated (Earth-like),postflare_cumul
1.0375403038370612,0.004995676958852505,4995.676958852505,A,N₂-dominated (Earth-like),postflare_cumul
1.0479677572471822,0.004995676958852505,4995.676958852505,A,N₂-dominated (Earth-like),postflare_cumul
1.0585000083063374,0.004995676958852505,4995.676958852505,A,N₂-dominated (Earth-like),postflare_cumul
1.0691381102484092,0.004999494702969411,4999.494702969411,A,N₂-dominated (Earth-like),postflare_cumul
1.0798831268924576,0.005015388354979376,5015.388354979375,A,N₂-dominated (Earth-like),postflare_cumul
1.0907361327491005,0.005030305826329906,5030.305826329906,A,N₂-dominated (Earth-like),postflare_cumul
1.1016982131279685,0.005042798947351951,5042.798947351951,A,N₂-dominated (Earth-like),postflare_cumul
1.112770464246234,0.005052365345412675,5052.365345412674,A,N₂-dominated (Earth-like),postflare_cumul
1.1239539933382359,0.005058780401415259,5058.780401415259,A,N₂-dominated (Earth-like),postflare_cumul
1.135249918766203,0.005061900240085218,5061.900240085218,A,N₂-dominated (Earth-like),postflare_cumul
1.1466593701320915,0.005061607775866574,5061.607775866574,A,N₂-dominated (Earth-like),postflare_cumul
1.1581834883905457,0.005057798471447026,5057.798471447026,A,N₂-dominated (Earth-like),postflare_cumul
1.1698234259629954,0.0050503807602733835,5050.380760273383,A,N₂-dominated (Earth-like),postflare_cumul
1.1815803468528974,0.0050392932160463425,5039.293216046342,A,N₂-dominated (Earth-like),postflare_cumul
1.1934554267621382,0.005024580844902513,5024.5808449025135,A,N₂-dominated (Earth-like),postflare_cumul
1.2054498532086049,0.0050067850370735375,5006.785037073538,A,N₂-dominated (Earth-like),postflare_cumul
1.2175648256449372,0.004995676958852505,4995.676958852505,A,N₂-dominated (Earth-like),postflare_cumul
1.229801555578475,0.004995676958852505,4995.676958852505,A,N₂-dominated (Earth-like),postflare_cumul
1.2421612666924082,0.004995676958852505,4995.676958852505,A,N₂-dominated (Earth-like),postflare_cumul
1.254645194968149,0.005009423162034371,5009.423162034371,A,N₂-dominated (Earth-like),postflare_cumul
1.2672545888089275,0.005031595662568409,5031.595662568408,A,N₂-dominated (Earth-like),postflare_cumul
1.2799907091646359,0.0050373814011802015,5037.3814011802015,A,N₂-dominated (Earth-like),postflare_cumul
1.2928548296579232,0.005049494445736722,5049.494445736722,A,N₂-dominated (Earth-like),postflare_cumul
1.305848236711559,0.00506036237022038,5060.36237022038,A,N₂-dominated (Earth-like),postflare_cumul
1.3189722296770763,0.0050695995973121495,5069.59959731215,A,N₂-dominated (Earth-like),postflare_cumul
1.3322281209647084,0.005077123560120108,5077.123560120108,A,N₂-dominated (Earth-like),postflare_cumul
1.345617236174631,0.005082868337673653,5082.868337673653,A,N₂-dominated (Earth-like),postflare_cumul
1.3591409142295225,0.005086772659623056,5086.772659623056,A,N₂-dominated (Earth-like),postflare_cumul
1.3728005075084582,0.005088776368756645,5088.776368756645,A,N₂-dominated (Earth-like),postflare_cumul
1.3865973819821489,0.005088819561280388,5088.819561280388,A,N₂-dominated (Earth-like),postflare_cumul
1.4005329173495396,0.005086842400300176,5086.842400300176,A,N₂-dominated (Earth-like),postflare_cumul
1.41460850717578,0.005082785169811958,5082.785169811958,A,N₂-dominated (Earth-like),postflare_cumul
1.428825559031582,0.005076588538358422,5076.588538358422,A,N₂-dominated (Earth-like),postflare_cumul
1.4431854946339793,0.00506819424545139,5068.19424545139,A,N₂-dominated (Earth-like),postflare_cumul
1.4576897499884984,0.005057546937631999,5057.546937632,A,N₂-dominated (Earth-like),postflare_cumul
1.472339775532762,0.005044599670820587,5044.599670820587,A,N₂-dominated (Earth-like),postflare_cumul
1.4871370362815328,0.005029332382314708,5029.3323823147075,A,N₂-dominated (Earth-like),postflare_cumul
1.5020830119732167,0.005011820927767565,5011.820927767565,A,N₂-dominated (Earth-like),postflare_cumul
1.517179197217838,0.004995676958852505,4995.676958852505,A,N₂-dominated (Earth-like),postflare_cumul
1.5324271016465012,0.004995676958852505,4995.676958852505,A,N₂-dominated (Earth-like),postflare_cumul
1.547828250062356,0.004995676958852505,4995.676958852505,A,N₂-dominated (Earth-like),postflare_cumul
1.563384182593078,0.004995676958852505,4995.676958852505,A,N₂-dominated (Earth-like),postflare_cumul
1.579096454844884,0.004995676958852505,4995.676958852505,A,N₂-dominated (Earth-like),postflare_cumul
1.5949666380580922,0.004995676958852505,4995.676958852505,A,N₂-dominated (Earth-like),postflare_cumul
1.6109963192642498,0.004995676958852505,4995.676958852505,A,N₂-dominated (Earth-like),postflare_cumul
1.6271871014448354,0.004995676958852505,4995.676958852505,A,N₂-dominated (Earth-like),postflare_cumul
1.643540603691559,0.004995676958852505,4995.676958852505,A,N₂-dominated (Earth-like),postflare_cumul
1.6600584613682736,0.005002417973260127,5002.417973260127,A,N₂-dominated (Earth-like),postflare_cumul
1.6767423262745118,0.00501735680242279,5017.356802422791,A,N₂-dominated (Earth-like),postflare_cumul
1.6935938668106674,0.005031597382182873,5031.597382182873,A,N₂-dominated (Earth-like),postflare_cumul
1.7106147681448367,0.005044766644815636,5044.766644815636,A,N₂-dominated (Earth-like),postflare_cumul
1.7278067323813378,0.005056755195280692,5056.7551952806925,A,N₂-dominated (Earth-like),postflare_cumul
1.7451714787309207,0.005067498703496587,5067.498703496587,A,N₂-dominated (Earth-like),postflare_cumul
1.7627107436826912,0.00507694490995823,5076.94490995823,A,N₂-dominated (Earth-like),postflare_cumul
1.7804262811777603,0.005085045405242353,5085.045405242354,A,N₂-dominated (Earth-like),postflare_cumul
1.7983198627846408,0.005091752837750902,5091.7528377509025,A,N₂-dominated (Earth-like),postflare_cumul
1.8163932778764047,0.0050970199249708616,5097.019924970861,A,N₂-dominated (Earth-like),postflare_cumul
1.8346483338096222,0.005100799112167347,5100.799112167347,A,N₂-dominated (Earth-like),postflare_cumul
1.8530868561050995,0.005103042473315484,5103.042473315484,A,N₂-dominated (Earth-like),postflare_cumul
1.8717106886304313,0.005103701734489538,5103.7017344895385,A,N₂-dominated (Earth-like),postflare_cumul
1.8905216937843905,0.005102728463230866,5102.728463230866,A,N₂-dominated (Earth-like),postflare_cumul
1.909521752683168,0.005100074711855284,5100.0747118552845,A,N₂-dominated (Earth-like),postflare_cumul
1.9287127653484872,0.0050956949149041355,5095.694914904136,A,N₂-dominated (Earth-like),postflare_cumul
1.9480966508976074,0.005089550641103595,5089.550641103595,A,N₂-dominated (Earth-like),postflare_cumul
1.9676753477352367,0.005081620063572006,5081.620063572006,A,N₂-dominated (Earth-like),postflare_cumul
1.9874508137473743,0.005071911010763238,5071.911010763238,A,N₂-dominated (Earth-like),postflare_cumul
2.007425026497101,0.005060466483279892,5060.466483279893,A,N₂-dominated (Earth-like),postflare_cumul
2.0275999834223377,0.00504733861855861,5047.33861855861,A,N₂-dominated (Earth-like),postflare_cumul
2.047977702035588,0.005032518221750112,5032.5182217501115,A,N₂-dominated (Earth-like),postflare_cumul
2.068560220125696,0.0050158775504570135,5015.877550457013,A,N₂-dominated (Earth-like),postflare_cumul
2.089349595961623,0.004997325205586919,4997.32520558692,A,N₂-dominated (Earth-like),postflare_cumul
2.110347908498276,0.004995676958852505,4995.676958852505,A,N₂-dominated (Earth-like),postflare_cumul
2.1315572575844084,0.004995676958852505,4995.676958852505,A,N₂-dominated (Earth-like),postflare_cumul
2.152979764172603,0.004995676958852505,4995.676958852505,A,N₂-dominated (Earth-like),postflare_cumul
2.1746175705313706,0.004995676958852505,4995.676958852505,A,N₂-dominated (Earth-like),postflare_cumul
2.1964728404593785,0.004995676958852505,4995.676958852505,A,N₂-dominated (Earth-like),postflare_cumul
2.218547759501832,0.004996655557344453,4996.655557344453,A,N₂-dominated (Earth-like),postflare_cumul
2.2408445351690323,0.00500756296588181,5007.562965881811,A,N₂-dominated (Earth-like),postflare_cumul
2.263365397157126,0.005018406841602609,5018.406841602609,A,N₂-dominated (Earth-like),postflare_cumul
2.2861125975710794,0.005029076011589194,5029.076011589194,A,N₂-dominated (Earth-like),postflare_cumul
2.3090884111498906,0.0050394592836088305,5039.45928360883,A,N₂-dominated (Earth-like),postflare_cumul
2.332295135494063,0.005049462981932045,5049.462981932044,A,N₂-dominated (Earth-like),postflare_cumul
2.355735091295371,0.005059020758073839,5059.020758073839,A,N₂-dominated (Earth-like),postflare_cumul
2.379410622568927,0.0050680866564525385,5068.086656452539,A,N₂-dominated (Earth-like),postflare_cumul
2.403324096887589,0.005076622861996522,5076.622861996522,A,N₂-dominated (Earth-like),postflare_cumul
2.427477905618717,0.005084594989143059,5084.594989143059,A,N₂-dominated (Earth-like),postflare_cumul
2.4518744641633115,0.005091972891922294,5091.972891922294,A,N₂-dominated (Earth-like),postflare_cumul
2.4765162121975575,0.005098730521067292,5098.730521067292,A,N₂-dominated (Earth-like),postflare_cumul
2.501405613916794,0.005104844171589244,5104.844171589244,A,N₂-dominated (Earth-like),postflare_cumul
2.526545158281934,0.005110290962781263,5110.290962781262,A,N₂-dominated (Earth-like),postflare_cumul
2.551937359268363,0.005115048106173124,5115.048106173123,A,N₂-dominated (Earth-like),postflare_cumul
2.577584756117341,0.005119092655539255,5119.092655539255,A,N₂-dominated (Earth-like),postflare_cumul
2.6034899135899248,0.005122401476481814,5122.401476481814,A,N₂-dominated (Earth-like),postflare_cumul
2.6296554222234496,0.005124951354292797,5124.951354292797,A,N₂-dominated (Earth-like),postflare_cumul
2.6560838985905835,0.005126719269803717,5126.719269803717,A,N₂-dominated (Earth-like),postflare_cumul
2.6827779855609872,0.005127682976139626,5127.682976139627,A,N₂-dominated (Earth-like),postflare_cumul
2.709740352565603,0.005127822186416556,5127.822186416556,A,N₂-dominated (Earth-like),postflare_cumul
2.7369736958636,0.005127121051647218,5127.121051647217,A,N₂-dominated (Earth-like),postflare_cumul
2.764480738812002,0.005125573407362421,5125.573407362421,A,N₂-dominated (Earth-like),postflare_cumul
2.792264232138027,0.005123193975050797,5123.193975050797,A,N₂-dominated (Earth-like),postflare_cumul
2.8203269542141602,0.005120042103451933,5120.042103451933,A,N₂-dominated (Earth-like),postflare_cumul
2.8486717113359954,0.0051162699946363365,5116.269994636336,A,N₂-dominated (Earth-like),postflare_cumul
2.8773013380028654,0.005112208901732143,5112.208901732143,A,N₂-dominated (Earth-like),postflare_cumul
2.9062186972012944,0.005108473721204198,5108.473721204197,A,N₂-dominated (Earth-like),postflare_cumul
2.9354266806913007,0.005105936791099566,5105.936791099566,A,N₂-dominated (Earth-like),postflare_cumul
2.964928209295573,0.00510531446678606,5105.31446678606,A,N₂-dominated (Earth-like),postflare_cumul
2.9947262331915567,0.005106583025969453,5106.583025969453,A,N₂-dominated (Earth-like),postflare_cumul
3.0248237322064733,0.005109027094554523,5109.0270945545235,A,N₂-dominated (Earth-like),postflare_cumul
3.055223716115305,0.005111837748199976,5111.837748199976,A,N₂-dominated (Earth-like),postflare_cumul
3.085929224941777,0.00511446665424789,5114.46665424789,A,N₂-dominated (Earth-like),postflare_cumul
3.1169433292623587,0.00511661985435337,5116.61985435337,A,N₂-dominated (Earth-like),postflare_cumul
3.1482691305133286,0.005118152667479188,5118.1526674791885,A,N₂-dominated (Earth-like),postflare_cumul
3.179909761300916,0.005118991722115678,5118.9917221156775,A,N₂-dominated (Earth-like),postflare_cumul
3.2118683857145673,0.005119094242266952,5119.094242266952,A,N₂-dominated (Earth-like),postflare_cumul
3.244148199643356,0.005118429617443152,5118.429617443152,A,N₂-dominated (Earth-like),postflare_cumul
3.2767524310955745,0.00511697167481593,5116.97167481593,A,N₂-dominated (Earth-like),postflare_cumul
3.3096843405215393,0.00511469560646401,5114.69560646401,A,N₂-dominated (Earth-like),postflare_cumul
3.342947221139635,0.005111576805634695,5111.576805634695,A,N₂-dominated (Earth-like),postflare_cumul
3.3765443992656436,0.005107590455404029,5107.590455404029,A,N₂-dominated (Earth-like),postflare_cumul
3.4104792346453747,0.005102711412898996,5102.711412898995,A,N₂-dominated (Earth-like),postflare_cumul
3.444755120790646,0.005096914242705319,5096.914242705318,A,N₂-dominated (Earth-like),postflare_cumul
3.479375485318636,0.005090173499363754,5090.173499363755,A,N₂-dominated (Earth-like),postflare_cumul
3.5143437902946464,0.005082465162269705,5082.465162269705,A,N₂-dominated (Earth-like),postflare_cumul
3.5496635325783163,0.005073774533158887,5073.774533158888,A,N₂-dominated (Earth-like),postflare_cumul
3.5853382441733066,0.005064141466387745,5064.141466387745,A,N₂-dominated (Earth-like),postflare_cumul
3.621371492580506,0.00505391788155763,5053.91788155763,A,N₂-dominated (Earth-like),postflare_cumul
3.6577668811547834,0.005045027605037177,5045.027605037177,A,N₂-dominated (Earth-like),postflare_cumul
3.694528049465325,0.005043499086451169,5043.499086451169,A,N₂-dominated (Earth-like),postflare_cumul
3.731658673659598,0.005052745556503765,5052.745556503765,A,N₂-dominated (Earth-like),postflare_cumul
3.769162466830961,0.005066575442880428,5066.5754428804275,A,N₂-dominated (Earth-like),postflare_cumul
3.8070431793899884,0.005080733463574457,5080.733463574457,A,N₂-dominated (Earth-like),postflare_cumul
3.845304599439499,0.005094180359702812,5094.180359702812,A,N₂-dominated (Earth-like),postflare_cumul
3.8839505531533853,0.005106706517398703,5106.706517398703,A,N₂-dominated (Earth-like),postflare_cumul
3.9229849051592245,0.005118248183891592,5118.248183891592,A,N₂-dominated (Earth-like),postflare_cumul
3.9624115589247433,0.005128764635014527,5128.764635014527,A,N₂-dominated (Earth-like),postflare_cumul
4.002234457148177,0.0051382181654885456,5138.218165488545,A,N₂-dominated (Earth-like),postflare_cumul
4.0424575821525295,0.00514657100738383,5146.57100738383,A,N₂-dominated (Earth-like),postflare_cumul
4.083084956283825,0.005153784906479451,5153.784906479451,A,N₂-dominated (Earth-like),postflare_cumul
4.12412064231333,0.005159821067059706,5159.821067059706,A,N₂-dominated (Earth-like),postflare_cumul
4.1655687438438465,0.0051646401495227005,5164.6401495227,A,N₂-dominated (Earth-like),postflare_cumul
4.207433405720065,0.005168202286153016,5168.202286153017,A,N₂-dominated (Earth-like),postflare_cumul
4.249718814443062,0.005170467106264715,5170.467106264715,A,N₂-dominated (Earth-like),postflare_cumul
4.2924291985889464,0.005171393768230242,5171.393768230242,A,N₂-dominated (Earth-like),postflare_cumul
4.335568829231728,0.005170941001566759,5170.941001566759,A,N₂-dominated (Earth-like),postflare_cumul
4.379142020370417,0.005169067169986788,5169.067169986788,A,N₂-dominated (Earth-like),postflare_cumul
4.423153129360442,0.005165730385500244,5165.730385500244,A,N₂-dominated (Earth-like),postflare_cumul
4.467606557349374,0.005160888759494137,5160.888759494137,A,N₂-dominated (Earth-like),postflare_cumul
4.512506749717061,0.005154501052008974,5154.5010520089745,A,N₂-dominated (Earth-like),postflare_cumul
4.557858196520153,0.005146528577520557,5146.528577520557,A,N₂-dominated (Earth-like),postflare_cumul
4.603665432941126,0.005136941437390732,5136.941437390732,A,N₂-dominated (Earth-like),postflare_cumul
4.649933039741793,0.005125740978488487,5125.740978488487,A,N₂-dominated (Earth-like),postflare_cumul
4.696665643721392,0.005113047299203859,5113.0472992038585,A,N₂-dominated (Earth-like),postflare_cumul
4.743867918179263,0.005099447136279901,5099.4471362799,A,N₂-dominated (Earth-like),postflare_cumul
4.79154458338219,0.00508712935751417,5087.12935751417,A,N₂-dominated (Earth-like),postflare_cumul
4.83970040703642,0.005080874292054142,5080.874292054142,A,N₂-dominated (Earth-like),postflare_cumul
4.888340204764454,0.0050825882891695415,5082.588289169542,A,N₂-dominated (Earth-like),postflare_cumul
4.937468840586591,0.005088221206295085,5088.221206295085,A,N₂-dominated (Earth-like),postflare_cumul
4.987091227407362,0.0050947554007554985,5094.755400755498,A,N₂-dominated (Earth-like),postflare_cumul
5.0372123275067935,0.0051013126359990635,5101.312635999064,A,N₂-dominated (Earth-like),postflare_cumul
5.087837153036666,0.00510770939960926,5107.70939960926,A,N₂-dominated (Earth-like),postflare_cumul
5.138970766521724,0.005113907642958632,5113.907642958632,A,N₂-dominated (Earth-like),postflare_cumul
5.190618281365921,0.005119894660125014,5119.8946601250145,A,N₂-dominated (Earth-like),postflare_cumul
5.242784862363788,0.005125661531317824,5125.6615313178245,A,N₂-dominated (Earth-like),postflare_cumul
5.29547572621689,0.005131199714295661,5131.199714295662,A,N₂-dominated (Earth-like),postflare_cumul
5.348696142055527,0.0051365005580340465,5136.500558034047,A,N₂-dominated (Earth-like),postflare_cumul
5.402451431965629,0.005141555234557373,5141.555234557372,A,N₂-dominated (Earth-like),postflare_cumul
5.456746971520988,0.005146354724911074,5146.354724911074,A,N₂-dominated (Earth-like),postflare_cumul
5.511588190320801,0.005150889812288781,5150.889812288781,A,N₂-dominated (Earth-like),postflare_cumul
5.566980572532653,0.005155151076734209,5155.151076734209,A,N₂-dominated (Earth-like),postflare_cumul
5.622929657440922,0.0051591288906430895,5159.128890643089,A,N₂-dominated (Earth-like),postflare_cumul
5.679441040000729,0.005162813414838341,5162.8134148383415,A,N₂-dominated (Earth-like),postflare_cumul
5.736520371397416,0.005166194595093578,5166.194595093579,A,N₂-dominated (Earth-like),postflare_cumul
5.794173359611696,0.005169262159029344,5169.262159029345,A,N₂-dominated (Earth-like),postflare_cumul
5.852405769990427,0.005172005613343197,5172.005613343197,A,N₂-dominated (Earth-like),postflare_cumul
5.911223425823182,0.005174414241366294,5174.414241366294,A,N₂-dominated (Earth-like),postflare_cumul
5.970632208924552,0.005176477100971021,5176.477100971021,A,N₂-dominated (Earth-like),postflare_cumul
6.03063806022236,0.005178183022891822,5178.1830228918225,A,N₂-dominated (Earth-like),postflare_cumul
6.091246980351737,0.005179520609572558,5179.520609572558,A,N₂-dominated (Earth-like),postflare_cumul
6.1524650302552075,0.005180478234730137,5180.478234730137,A,N₂-dominated (Earth-like),postflare_cumul
6.214298331788772,0.005181044043945206,5181.044043945206,A,N₂-dominated (Earth-like),postflare_cumul
6.276753068334117,0.005181205956789891,5181.2059567898905,A,N₂-dominated (Earth-like),postflare_cumul
6.3398354854169385,0.005180951671339105,5180.951671339105,A,N₂-dominated (Earth-like),postflare_cumul
6.403551891331518,0.0051802686724930535,5180.268672493054,A,N₂-dominated (Earth-like),postflare_cumul
6.467908657771538,0.0051791442465620304,5179.14424656203,A,N₂-dominated (Earth-like),postflare_cumul
6.532912220467278,0.005177565506402441,5177.565506402441,A,N₂-dominated (Earth-like),postflare_cumul
6.598569079829179,0.005175519434757349,5175.519434757349,A,N₂-dominated (Earth-like),postflare_cumul
6.664885801597886,0.005172992959736278,5172.992959736278,A,N₂-dominated (Earth-like),postflare_cumul
6.731869017500846,0.005169973088331059,5169.973088331059,A,N₂-dominated (Earth-like),postflare_cumul
6.799525425915462,0.00516644714710282,5166.44714710282,A,N₂-dominated (Earth-like),postflare_cumul
6.867861792538963,0.005162403225204921,5162.403225204921,A,N₂-dominated (Earth-like),postflare_cumul
6.936884951064952,0.005157831007745792,5157.831007745792,A,N₂-dominated (Earth-like),postflare_cumul
7.006601803866808,0.005152723377574964,5152.723377574964,A,N₂-dominated (Earth-like),postflare_cumul
7.0770193226879,0.0051470795560453215,5147.079556045322,A,N₂-dominated (Earth-like),postflare_cumul
7.148144549338801,0.005140911359333245,5140.911359333245,A,N₂-dominated (Earth-like),postflare_cumul
7.21998459640144,0.0051342557438907085,5134.255743890709,A,N₂-dominated (Earth-like),postflare_cumul
7.292546647940396,0.005127199640283112,5127.199640283112,A,N₂-dominated (Earth-like),postflare_cumul
7.365837960221285,0.005119926440465128,5119.9264404651285,A,N₂-dominated (Earth-like),postflare_cumul
7.4398658624364185,0.005112790189357681,5112.790189357681,A,N₂-dominated (Earth-like),postflare_cumul
7.514637757437701,0.005106386910959315,5106.386910959315,A,N₂-dominated (Earth-like),postflare_cumul
7.59016112247695,0.005101490922164274,5101.490922164274,A,N₂-dominated (Earth-like),postflare_cumul
7.666443509953598,0.005098693547849311,5098.693547849311,A,N₂-dominated (Earth-like),postflare_cumul
7.743492548169969,0.005097975052767603,5097.975052767603,A,N₂-dominated (Earth-like),postflare_cumul
7.821315942094086,0.005098772622646359,5098.772622646358,A,N₂-dominated (Earth-like),postflare_cumul
7.899921474130201,0.005100437201068874,5100.437201068875,A,N₂-dominated (Earth-like),postflare_cumul
7.979317004897014,0.0051025164227889944,5102.5164227889945,A,N₂-dominated (Earth-like),postflare_cumul
8.059510474013775,0.005104765836340573,5104.765836340573,A,N₂-dominated (Earth-like),postflare_cumul
8.140509900894214,0.005107070777977673,5107.070777977673,A,N₂-dominated (Earth-like),postflare_cumul
8.222323385548528,0.005109381693576042,5109.3816935760415,A,N₂-dominated (Earth-like),postflare_cumul
8.30495910939335,0.005111678020348783,5111.678020348783,A,N₂-dominated (Earth-like),postflare_cumul
8.388425336069936,0.005113951108602836,5113.951108602836,A,N₂-dominated (Earth-like),postflare_cumul
8.47273041227051,0.005116196900358316,5116.196900358315,A,N₂-dominated (Earth-like),postflare_cumul
8.557882768572938,0.005118413018788326,5118.413018788327,A,N₂-dominated (Earth-like),postflare_cumul
8.64389092028382,0.005120597691101886,5120.597691101886,A,N₂-dominated (Earth-like),postflare_cumul
8.730763468289995,0.005122749380146332,5122.749380146332,A,N₂-dominated (Earth-like),postflare_cumul
8.81850909991866,0.005124866669295183,5124.866669295183,A,N₂-dominated (Earth-like),postflare_cumul
8.907136589806099,0.0051269482273293135,5126.948227329313,A,N₂-dominated (Earth-like),postflare_cumul
8.996654800775158,0.005128992789853117,5128.992789853117,A,N₂-dominated (Earth-like),postflare_cumul
9.08707268472153,0.005130999133296491,5130.999133296491,A,N₂-dominated (Earth-like),postflare_cumul
9.178399283508963,0.005132966031201953,5132.966031201952,A,N₂-dominated (Earth-like),postflare_cumul
9.270643729873434,0.005134892188487625,5134.892188487625,A,N₂-dominated (Earth-like),postflare_cumul
9.36381524833646,0.005136776154705267,5136.776154705267,A,N₂-dominated (Earth-like),postflare_cumul
9.457923156127519,0.005138616224121293,5138.616224121293,A,N₂-dominated (Earth-like),postflare_cumul
9.552976864115825,0.005140410338383072,5140.4103383830725,A,N₂-dominated (Earth-like),postflare_cumul
9.648985877751379,0.005142156014603187,5142.156014603187,A,N₂-dominated (Earth-like),postflare_cumul
9.74595979801556,0.005143850324944764,5143.850324944764,A,N₂-dominated (Earth-like),postflare_cumul
9.8439083223812,0.0051454899502981185,5145.489950298119,A,N₂-dominated (Earth-like),postflare_cumul
9.942841245782365,0.005147071318851484,5147.071318851484,A,N₂-dominated (Earth-like),postflare_cumul
10.042768461593834,0.005148590821324008,5148.590821324007,A,N₂-dominated (Earth-like),postflare_cumul
10.143699962620468,0.005150045072475156,5150.045072475156,A,N₂-dominated (Earth-like),postflare_cumul
10.24564584209647,0.005151431169709905,5151.431169709905,A,N₂-dominated (Earth-like),postflare_cumul
10.348616294694754,0.005152746891093697,5152.746891093697,A,N₂-dominated (Earth-like),postflare_cumul
10.452621617546379,0.00515399078176835,5153.990781768351,A,N₂-dominated (Earth-like),postflare_cumul
10.557672211270308,0.005155162100261907,5155.162100261907,A,N₂-dominated (Earth-like),postflare_cumul
10.663778581013451,0.005156260629818953,5156.260629818953,A,N₂-dominated (Earth-like),postflare_cumul
10.770951337501211,0.00515728639528031,5157.28639528031,A,N₂-dominated (Earth-like),postflare_cumul
10.87920119809854,0.00515823935182722,5158.23935182722,A,N₂-dominated (Earth-like),postflare_cumul
10.988538987881709,0.005159119118817668,5159.119118817668,A,N₂-dominated (Earth-like),postflare_cumul
11.098975640720818,0.005159924816993009,5159.924816993009,A,N₂-dominated (Earth-like),postflare_cumul
11.210522200373171,0.005160655035769209,5160.655035769209,A,N₂-dominated (Earth-like),postflare_cumul
11.323189821587698,0.005161307920825968,5161.307920825968,A,N₂-dominated (Earth-like),postflare_cumul
11.436989771220404,0.005161881343762456,5161.881343762456,A,N₂-dominated (Earth-like),postflare_cumul
11.551933429361092,0.005162373103742553,5162.373103742553,A,N₂-dominated (Earth-like),postflare_cumul
11.668032290471356,0.005162781116692455,5162.781116692455,A,N₂-dominated (Earth-like),postflare_cumul
11.785297964534063,0.005163103564845722,5163.103564845722,A,N₂-dominated (Earth-like),postflare_cumul
11.903742178214335,0.005163338999467409,5163.338999467409,A,N₂-dominated (Earth-like),postflare_cumul
12.023376776032249,0.005163486405055754,5163.4864050557535,A,N₂-dominated (Earth-like),postflare_cumul
12.144213721547278,0.005163545240764491,5163.545240764491,A,N₂-dominated (Earth-like),postflare_cumul
12.266265098554676,0.005163515474721242,5163.515474721242,A,N₂-dominated (Earth-like),postflare_cumul
12.389543112293847,0.0051633976221650505,5163.397622165051,A,N₂-dominated (Earth-like),postflare_cumul
12.514060090668908,0.005163192792042921,5163.192792042922,A,N₂-dominated (Earth-like),postflare_cumul
12.639828485481447,0.005162902741047512,5162.902741047512,A,N₂-dominated (Earth-like),postflare_cumul
12.766860873675764,0.005162529929860556,5162.529929860556,A,N₂-dominated (Earth-like),postflare_cumul
12.895169958596531,0.0051620775734282495,5162.07757342825,A,N₂-dominated (Earth-like),postflare_cumul
13.024768571259173,0.005161549674910494,5161.549674910494,A,N₂-dominated (Earth-like),postflare_cumul
13.155669671632946,0.005160951031124449,5160.9510311244485,A,N₂-dominated (Earth-like),postflare_cumul
13.287886349936983,0.0051602871958423314,5160.287195842331,A,N₂-dominated (Earth-like),postflare_cumul
13.421431827949283,0.005159564386635381,5159.564386635381,A,N₂-dominated (Earth-like),postflare_cumul
13.556319460328947,0.005158789321852849,5158.789321852849,A,N₂-dominated (Earth-like),postflare_cumul
13.69256273595161,0.005157968977714241,5157.968977714241,A,N₂-dominated (Earth-like),postflare_cumul
13.830175279258379,0.005157110262165535,5157.1102621655355,A,N₂-dominated (Earth-like),postflare_cumul
13.969170851618253,0.005156219612369361,5156.219612369361,A,N₂-dominated (Earth-like),postflare_cumul
