wavelength_um,transit_depth_ppm,atmosphere,scenario,co_vmr,ch4_vmr,population_factor
0.5,5025.427395806655,A,biosphere_on,3.010084283192227e-09,1.7561680639977518e-06,0.999896038317606
0.505025083542084,5024.838458828735,A,biosphere_on,3.010084283192227e-09,1.7561680639977518e-06,0.999896038317606
0.5101006700133779,5024.256087589763,A,biosphere_on,3.010084283192227e-09,1.7561680639977518e-06,0.999896038317606
0.5152272669767585,5023.680341250403,A,biosphere_on,3.010084283192227e-09,1.7561680639977518e-06,0.999896038317606
0.5204053870961941,5023.111180515766,A,biosphere_on,3.010084283192227e-09,1.7561680639977518e-06,0.999896038317606
0.5256355481880121,5022.548452844877,A,biosphere_on,3.010084283192227e-09,1.7561680639977518e-06,0.999896038317606
0.5309182732726798,5021.99187852568,A,biosphere_on,3.010084283192227e-09,1.7561680639977518e-06,0.999896038317606
0.5362540906271083,5021.4410382509295,A,biosphere_on,3.010084283192227e-09,1.7561680639977518e-06,0.999896038317606
0.5416435338374793,5020.895362860873,A,biosphere_on,3.010084283192227e-09,1.7561680639977518e-06,0.999896038317606
0.5470871418526052,5020.354125917912,A,biosphere_on,3.010084283192227e-09,1.7561680639977518e-06,0.999896038317606
0.5525854590378239,5019.816439743525,A,biosphere_on,3.010084283192227e-09,1.7561680639977518e-06,0.999896038317606
0.5581390352294356,5019.281255477176,A,biosphere_on,3.010084283192227e-09,1.7561680639977518e-06,0.999896038317606
0.5637484257896879,5018.747367613071,A,biosphere_on,3.010084283192227e-09,1.7561680639977518e-06,0.999896038317606
0.5694141916623109,5018.213423338483,A,biosphere_on,3.010084283192227e-09,1.7561680639977518e-06,0.999896038317606
0.5751368994286137,5017.677936843783,A,biosphere_on,3.010084283192227e-09,1.7561680639977518e-06,0.999896038317606
0.5809171213641415,5017.139308608986,A,biosphere_on,3.010084283192227e-09,1.7561680639977518e-06,0.999896038317606
0.5867554354959051,5016.595849503405,A,biosphere_on,3.010084283192227e-09,1.7561680639977518e-06,0.999896038317606
0.5926524256601827,5016.045809373501,A,biosphere_on,3.010084283192227e-09,1.7561680639977518e-06,0.999896038317606
0.5986086815609051,5015.487409646206,A,biosphere_on,3.010084283192227e-09,1.7561680639977518e-06,0.999896038317606
0.6046247988286257,5014.918879345568,A,biosphere_on,3.010084283192227e-09,1.7561680639977518e-06,0.999896038317606
0.6107013790800849,5014.338501207014,A,biosphere_on,3.010084283192227e-09,1.7561680639977518e-06,0.999896038317606
0.6168390299783716,5013.86973003237,A,biosphere_on,3.010084283192227e-09,1.7561680639977518e-06,0.999896038317606
0.6230383652936904,5031.529520071461,A,biosphere_on,3.010084283192227e-09,1.7561680639977518e-06,0.999896038317606
0.6293000049647389,5048.1401485548195,A,biosphere_on,3.010084283192227e-09,1.7561680639977518e-06,0.999896038317606
0.6356245751607024,5016.7200127724,A,biosphere_on,3.010084283192227e-09,1.7561680639977518e-06,0.999896038317606
0.6420127083438707,5011.209496182837,A,biosphere_on,3.010084283192227e-09,1.7561680639977518e-06,0.999896038317606
0.6484650433328859,5010.526809172053,A,biosphere_on,3.010084283192227e-09,1.7561680639977518e-06,0.999896038317606
0.6549822253666236,5009.827617169006,A,biosphere_on,3.010084283192227e-09,1.7561680639977518e-06,0.999896038317606
0.6615649061687184,5009.109275387183,A,biosphere_on,3.010084283192227e-09,1.7561680639977518e-06,0.999896038317606
0.668213744012736,5008.3722096748,A,biosphere_on,3.010084283192227e-09,1.7561680639977518e-06,0.999896038317606
0.6749294037880016,5007.658806127252,A,biosphere_on,3.010084283192227e-09,1.7561680639977518e-06,0.999896038317606
0.6817125570660889,5033.163662275549,A,biosphere_on,3.010084283192227e-09,1.7561680639977518e-06,0.999896038317606
0.6885638821679786,5066.118085989568,A,biosphere_on,3.010084283192227e-09,1.7561680639977518e-06,0.999896038317606
0.6954840642318901,5021.814939413337,A,biosphere_on,3.010084283192227e-09,1.7561680639977518e-06,0.999896038317606
0.7024737952817969,5005.20539403158,A,biosphere_on,3.010084283192227e-09,1.7561680639977518e-06,0.999896038317606
0.7095337742966287,5007.041543659975,A,biosphere_on,3.010084283192227e-09,1.7561680639977518e-06,0.999896038317606
0.7166647072801701,5009.729064667416,A,biosphere_on,3.010084283192227e-09,1.7561680639977518e-06,0.999896038317606
0.7238673073316623,5009.01273883213,A,biosphere_on,3.010084283192227e-09,1.7561680639977518e-06,0.999896038317606
0.7311422947171122,5004.6643825986275,A,biosphere_on,3.010084283192227e-09,1.7561680639977518e-06,0.999896038317606
0.7384903969413213,5001.045113206704,A,biosphere_on,3.010084283192227e-09,1.7561680639977518e-06,0.999896038317606
0.7459123488206352,5000.865470012087,A,biosphere_on,3.010084283192227e-09,1.7561680639977518e-06,0.999896038317606
0.7534088925564268,5054.8958189184505,A,biosphere_on,3.010084283192227e-09,1.7561680639977518e-06,0.999896038317606
0.7609807778093168,5092.385051620777,A,biosphere_on,3.010084283192227e-09,1.7561680639977518e-06,0.999896038317606
0.7686287617741407,5070.109827684594,A,biosphere_on,3.010084283192227e-09,1.7561680639977518e-06,0.999896038317606
0.776353609255668,5003.281644702239,A,biosphere_on,3.010084283192227e-09,1.7561680639977518e-06,0.999896038317606
0.7841560927450845,4995.676958852505,A,biosphere_on,3.010084283192227e-09,1.7561680639977518e-06,0.999896038317606
0.7920369924972409,4995.830505777065,A,biosphere_on,3.010084283192227e-09,1.7561680639977518e-06,0.999896038317606
0.7999970966086801,5000.561983169943,A,biosphere_on,3.010084283192227e-09,1.7561680639977518e-06,0.999896038317606
0.8080372010964467,5010.578179216883,A,biosphere_on,3.010084283192227e-09,1.7561680639977518e-06,0.999896038317606
0.8161581099776894,5018.05603039897,A,biosphere_on,3.010084283192227e-09,1.7561680639977518e-06,0.999896038317606
0.8243606353500641,5017.624459663038,A,biosphere_on,3.010084283192227e-09,1.7561680639977518e-06,0.999896038317606
0.8326455974729432,5008.918218568489,A,biosphere_on,3.010084283192227e-09,1.7561680639977518e-06,0.999896038317606
0.8410138248494432,4997.016157402909,A,biosphere_on,3.010084283192227e-09,1.7561680639977518e-06,0.999896038317606
0.8494661543092753,4995.676958852505,A,biosphere_on,3.010084283192227e-09,1.7561680639977518e-06,0.999896038317606
0.8580034310924293,4995.676958852505,A,biosphere_on,3.010084283192227e-09,1.7561680639977518e-06,0.999896038317606
0.8666265089336976,4995.676958852505,A,biosphere_on,3.010084283192227e-09,1.7561680639977518e-06,0.999896038317606
0.8753362501480506,4995.676958852505,A,biosphere_on,3.010084283192227e-09,1.7561680639977518e-06,0.999896038317606
0.8841335257168677,4995.676958852505,A,biosphere_on,3.010084283192227e-09,1.7561680639977518e-06,0.999896038317606
0.8930192153750367,4997.371551717211,A,biosphere_on,3.010084283192227e-09,1.7561680639977518e-06,0.999896038317606
0.9019942076989285,5009.478125797343,A,biosphere_on,3.010084283192227e-09,1.7561680639977518e-06,0.999896038317606
0.9110594001952544,5022.380575270082,A,biosphere_on,3.010084283192227e-09,1.7561680639977518e-06,0.999896038317606
0.9202156993908187,5032.907585456229,A,biosphere_on,3.010084283192227e-09,1.7561680639977518e-06,0.999896038317606
0.929464020923171,5039.774809756457,A,biosphere_on,3.010084283192227e-09,1.7561680639977518e-06,0.999896038317606
0.9388052896321716,5042.484913118564,A,biosphere_on,3.010084283192227e-09,1.7561680639977518e-06,0.999896038317606
0.9482404396524757,5040.8053993529475,A,biosphere_on,3.010084283192227e-09,1.7561680639977518e-06,0.999896038317606
0.9577704145069481,5034.63371616281,A,biosphere_on,3.010084283192227e-09,1.7561680639977518e-06,0.999896038317606
0.9673961672010158,5024.059167492807,A,biosphere_on,3.010084283192227e-09,1.7561680639977518e-06,0.999896038317606
0.9771186603179698,5009.7655064977735,A,biosphere_on,3.010084283192227e-09,1.7561680639977518e-06,0.999896038317606
0.9869388661152239,4995.676958852505,A,biosphere_on,3.010084283192227e-09,1.7561680639977518e-06,0.999896038317606
0.9968577666215412,4995.676958852505,A,biosphere_on,3.010084283192227e-09,1.7561680639977518e-06,0.999896038317606
1.0068763537352383,4995.676958852505,A,biosphere_on,3.010084283192227e-09,1.7561680639977518e-06,0.999896038317606
1.0169956293233753,4995.676958852505,A,biosphere_on,3.010084283192227e-09,1.7561680639977518e-06,0.999896038317606
1.0272166053219438,4995.676958852505,A,biosphere_on,3.010084283192227e-09,1.7561680639977518e-06,0.999896038317606
1.0375403038370612,4995.676958852505,A,biosphere_on,3.010084283192227e-09,1.7561680639977518e-06,0.999896038317606
1.0479677572471822,4995.676958852505,A,biosphere_on,3.010084283192227e-09,1.7561680639977518e-06,0.999896038317606
1.0585000083063374,4995.676958852505,A,biosphere_on,3.010084283192227e-09,1.7561680639977518e-06,0.999896038317606
1.0691381102484092,4999.494702673728,A,biosphere_on,3.010084283192227e-09,1.7561680639977518e-06,0.999896038317606
1.0798831268924576,5015.3883542355425,A,biosphere_on,3.010084283192227e-09,1.7561680639977518e-06,0.999896038317606
1.0907361327491005,5030.30582518247,A,biosphere_on,3.010084283192227e-09,1.7561680639977518e-06,0.999896038317606
1.1016982131279685,5042.79894586878,A,biosphere_on,3.010084283192227e-09,1.7561680639977518e-06,0.999896038317606
1.112770464246234,5052.365343672826,A,biosphere_on,3.010084283192227e-09,1.7561680639977518e-06,0.999896038317606
1.1239539933382359,5058.780399503955,A,biosphere_on,3.010084283192227e-09,1.7561680639977518e-06,0.999896038317606
1.135249918766203,5061.900238092262,A,biosphere_on,3.010084283192227e-09,1.7561680639977518e-06,0.999896038317606
1.1466593701320915,5061.607773885908,A,biosphere_on,3.010084283192227e-09,1.7561680639977518e-06,0.999896038317606
1.1581834883905457,5057.7984695763735,A,biosphere_on,3.010084283192227e-09,1.7561680639977518e-06,0.999896038317606
1.1698234259629954,5050.380758613219,A,biosphere_on,3.010084283192227e-09,1.7561680639977518e-06,0.999896038317606
1.1815803468528974,5039.293214697528,A,biosphere_on,3.010084283192227e-09,1.7561680639977518e-06,0.999896038317606
1.1934554267621382,5024.580843961021,A,biosphere_on,3.010084283192227e-09,1.7561680639977518e-06,0.999896038317606
1.2054498532086049,5006.785036613902,A,biosphere_on,3.010084283192227e-09,1.7561680639977518e-06,0.999896038317606
1.2175648256449372,4995.676958852505,A,biosphere_on,3.010084283192227e-09,1.7561680639977518e-06,0.999896038317606
1.229801555578475,4995.676958852505,A,biosphere_on,3.010084283192227e-09,1.7561680639977518e-06,0.999896038317606
1.2421612666924082,4995.676958852505,A,biosphere_on,3.010084283192227e-09,1.7561680639977518e-06,0.999896038317606
1.254645194968149,5009.423161445392,A,biosphere_on,3.010084283192227e-09,1.7561680639977518e-06,0.999896038317606
1.2672545888089275,5031.59566138546,A,biosphere_on,3.010084283192227e-09,1.7561680639977518e-06,0.999896038317606
1.2799907091646359,5037.381399842048,A,biosphere_on,3.010084283192227e-09,1.7561680639977518e-06,0.999896038317606
1.2928548296579232,5049.4944440733525,A,biosphere_on,3.010084283192227e-09,1.7561680639977518e-06,0.999896038317606
1.305848236711559,5060.362368264898,A,biosphere_on,3.010084283192227e-09,1.7561680639977518e-06,0.999896038317606
1.3189722296770763,5069.599595108145,A,biosphere_on,3.010084283192227e-09,1.7561680639977518e-06,0.999896038317606
1.3322281209647084,5077.12355771355,A,biosphere_on,3.010084283192227e-09,1.7561680639977518e-06,0.999896038317606
1.345617236174631,5082.868335112638,A,biosphere_on,3.010084283192227e-09,1.7561680639977518e-06,0.999896038317606
1.3591409142295225,5086.772656957989,A,biosphere_on,3.010084283192227e-09,1.7561680639977518e-06,0.999896038317606
1.3728005075084582,5088.776366039246,A,biosphere_on,3.010084283192227e-09,1.7561680639977518e-06,0.999896038317606
1.3865973819821489,5088.819558561878,A,biosphere_on,3.010084283192227e-09,1.7561680639977518e-06,0.999896038317606
1.4005329173495396,5086.842397633271,A,biosphere_on,3.010084283192227e-09,1.7561680639977518e-06,0.999896038317606
1.41460850717578,5082.785167253175,A,biosphere_on,3.010084283192227e-09,1.7561680639977518e-06,0.999896038317606
1.428825559031582,5076.588535966266,A,biosphere_on,3.010084283192227e-09,1.7561680639977518e-06,0.999896038317606
1.4431854946339793,5068.194243285208,A,biosphere_on,3.010084283192227e-09,1.7561680639977518e-06,0.999896038317606
1.4576897499884984,5057.546935752221,A,biosphere_on,3.010084283192227e-09,1.7561680639977518e-06,0.999896038317606
1.472339775532762,5044.599669288685,A,biosphere_on,3.010084283192227e-09,1.7561680639977518e-06,0.999896038317606
1.4871370362815328,5029.33238119246,A,biosphere_on,3.010084283192227e-09,1.7561680639977518e-06,0.999896038317606
1.5020830119732167,5011.8209271147425,A,biosphere_on,3.010084283192227e-09,1.7561680639977518e-06,0.999896038317606
1.517179197217838,4995.676958852505,A,biosphere_on,3.010084283192227e-09,1.7561680639977518e-06,0.999896038317606
1.5324271016465012,4995.676958852505,A,biosphere_on,3.010084283192227e-09,1.7561680639977518e-06,0.999896038317606
1.547828250062356,4995.676958852505,A,biosphere_on,3.010084283192227e-09,1.7561680639977518e-06,0.999896038317606
1.563384182593078,4995.676958852505,A,biosphere_on,3.010084283192227e-09,1.7561680639977518e-06,0.999896038317606
1.579096454844884,4995.676958852505,A,biosphere_on,3.010084283192227e-09,1.7561680639977518e-06,0.999896038317606
1.5949666380580922,4995.676958852505,A,biosphere_on,3.010084283192227e-09,1.7561680639977518e-06,0.999896038317606
1.6109963192642498,4995.676958852505,A,biosphere_on,3.010084283192227e-09,1.7561680639977518e-06,0.999896038317606
1.6271871014448354,4995.676958852505,A,biosphere_on,3.010084283192227e-09,1.7561680639977518e-06,0.999896038317606
1.643540603691559,4995.676958852505,A,biosphere_on,3.010084283192227e-09,1.7561680639977518e-06,0.999896038317606
1.6600584613682736,5002.418012499322,A,biosphere_on,3.010084283192227e-09,1.7561680639977518e-06,0.999896038317606
1.6767423262745118,5017.356817466998,A,biosphere_on,3.010084283192227e-09,1.7561680639977518e-06,0.999896038317606
1.6935938668106674,5031.597386250132,A,biosphere_on,3.010084283192227e-09,1.7561680639977518e-06,0.999896038317606
1.7106147681448367,5044.76664474329,A,biosphere_on,3.010084283192227e-09,1.7561680639977518e-06,0.999896038317606
1.7278067323813378,5056.755193765487,A,biosphere_on,3.010084283192227e-09,1.7561680639977518e-06,0.999896038317606
1.7451714787309207,5067.498701416554,A,biosphere_on,3.010084283192227e-09,1.7561680639977518e-06,0.999896038317606
1.7627107436826912,5076.944907567483,A,biosphere_on,3.010084283192227e-09,1.7561680639977518e-06,0.999896038317606
1.7804262811777603,5085.045402623782,A,biosphere_on,3.010084283192227e-09,1.7561680639977518e-06,0.999896038317606
1.7983198627846408,5091.752834950125,A,biosphere_on,3.010084283192227e-09,1.7561680639977518e-06,0.999896038317606
1.8163932778764047,5097.019922027817,A,biosphere_on,3.010084283192227e-09,1.7561680639977518e-06,0.999896038317606
1.8346483338096222,5100.799109122275,A,biosphere_on,3.010084283192227e-09,1.7561680639977518e-06,0.999896038317606
1.8530868561050995,5103.042470209842,A,biosphere_on,3.010084283192227e-09,1.7561680639977518e-06,0.999896038317606
1.8717106886304313,5103.701731366094,A,biosphere_on,3.010084283192227e-09,1.7561680639977518e-06,0.999896038317606
1.8905216937843905,5102.728460133714,A,biosphere_on,3.010084283192227e-09,1.7561680639977518e-06,0.999896038317606
1.909521752683168,5100.0747088298185,A,biosphere_on,3.010084283192227e-09,1.7561680639977518e-06,0.999896038317606
1.9287127653484872,5095.694911997026,A,biosphere_on,3.010084283192227e-09,1.7561680639977518e-06,0.999896038317606
1.9480966508976074,5089.550638362871,A,biosphere_on,3.010084283192227e-09,1.7561680639977518e-06,0.999896038317606
1.9676753477352367,5081.620061048028,A,biosphere_on,3.010084283192227e-09,1.7561680639977518e-06,0.999896038317606
1.9874508137473743,5071.911008515258,A,biosphere_on,3.010084283192227e-09,1.7561680639977518e-06,0.999896038317606
2.007425026497101,5060.46648141461,A,biosphere_on,3.010084283192227e-09,1.7561680639977518e-06,0.999896038317606
2.0275999834223377,5047.338617450204,A,biosphere_on,3.010084283192227e-09,1.7561680639977518e-06,0.999896038317606
2.047977702035588,5032.518223326583,A,biosphere_on,3.010084283192227e-09,1.7561680639977518e-06,0.999896038317606
2.068560220125696,5015.8775661418695,A,biosphere_on,3.010084283192227e-09,1.7561680639977518e-06,0.999896038317606
2.089349595961623,4997.325308204475,A,biosphere_on,3.010084283192227e-09,1.7561680639977518e-06,0.999896038317606
2.110347908498276,4995.676958852505,A,biosphere_on,3.010084283192227e-09,1.7561680639977518e-06,0.999896038317606
2.1315572575844084,4995.676958852505,A,biosphere_on,3.010084283192227e-09,1.7561680639977518e-06,0.999896038317606
2.152979764172603,4995.676958852505,A,biosphere_on,3.010084283192227e-09,1.7561680639977518e-06,0.999896038317606
2.1746175705313706,4995.676958852505,A,biosphere_on,3.010084283192227e-09,1.7561680639977518e-06,0.999896038317606
2.1964728404593785,4995.676958852505,A,biosphere_on,3.010084283192227e-09,1.7561680639977518e-06,0.999896038317606
2.218547759501832,4996.653140829745,A,biosphere_on,3.010084283192227e-09,1.7561680639977518e-06,0.999896038317606
2.2408445351690323,5007.551944673302,A,biosphere_on,3.010084283192227e-09,1.7561680639977518e-06,0.999896038317606
2.263365397157126,5018.382079576301,A,biosphere_on,3.010084283192227e-09,1.7561680639977518e-06,0.999896038317606
2.2861125975710794,5029.037142194042,A,biosphere_on,3.010084283192227e-09,1.7561680639977518e-06,0.999896038317606
2.3090884111498906,5039.414727679537,A,biosphere_on,3.010084283192227e-09,1.7561680639977518e-06,0.999896038317606
2.332295135494063,5049.4254672751595,A,biosphere_on,3.010084283192227e-09,1.7561680639977518e-06,0.999896038317606
2.355735091295371,5058.997634536004,A,biosphere_on,3.010084283192227e-09,1.7561680639977518e-06,0.999896038317606
2.379410622568927,5068.076290548154,A,biosphere_on,3.010084283192227e-09,1.7561680639977518e-06,0.999896038317606
2.403324096887589,5076.619509373028,A,biosphere_on,3.010084283192227e-09,1.7561680639977518e-06,0.999896038317606
2.427477905618717,5084.594213109266,A,biosphere_on,3.010084283192227e-09,1.7561680639977518e-06,0.999896038317606
2.4518744641633115,5091.972763308846,A,biosphere_on,3.010084283192227e-09,1.7561680639977518e-06,0.999896038317606
2.4765162121975575,5098.730504081352,A,biosphere_on,3.010084283192227e-09,1.7561680639977518e-06,0.999896038317606
2.501405613916794,5104.844167531795,A,biosphere_on,3.010084283192227e-09,1.7561680639977518e-06,0.999896038317606
2.526545158281934,5110.29095954525,A,biosphere_on,3.010084283192227e-09,1.7561680639977518e-06,0.999896038317606
2.551937359268363,5115.0481028352,A,biosphere_on,3.010084283192227e-09,1.7561680639977518e-06,0.999896038317606
2.577584756117341,5119.092652098929,A,biosphere_on,3.010084283192227e-09,1.7561680639977518e-06,0.999896038317606
2.6034899135899248,5122.40147297609,A,biosphere_on,3.010084283192227e-09,1.7561680639977518e-06,0.999896038317606
2.6296554222234496,5124.951350758915,A,biosphere_on,3.010084283192227e-09,1.7561680639977518e-06,0.999896038317606
2.6560838985905835,5126.719266285599,A,biosphere_on,3.010084283192227e-09,1.7561680639977518e-06,0.999896038317606
2.6827779855609872,5127.682972695258,A,biosphere_on,3.010084283192227e-09,1.7561680639977518e-06,0.999896038317606
2.709740352565603,5127.822183128875,A,biosphere_on,3.010084283192227e-09,1.7561680639977518e-06,0.999896038317606
2.7369736958636,5127.121048643077,A,biosphere_on,3.010084283192227e-09,1.7561680639977518e-06,0.999896038317606
2.764480738812002,5125.573404847357,A,biosphere_on,3.010084283192227e-09,1.7561680639977518e-06,0.999896038317606
2.792264232138027,5123.19397337624,A,biosphere_on,3.010084283192227e-09,1.7561680639977518e-06,0.999896038317606
2.8203269542141602,5120.042103250682,A,biosphere_on,3.010084283192227e-09,1.7561680639977518e-06,0.999896038317606
2.8486717113359954,5116.269997078109,A,biosphere_on,3.010084283192227e-09,1.7561680639977518e-06,0.999896038317606
2.8773013380028654,5112.208908882387,A,biosphere_on,3.010084283192227e-09,1.7561680639977518e-06,0.999896038317606
2.9062186972012944,5108.473736129834,A,biosphere_on,3.010084283192227e-09,1.7561680639977518e-06,0.999896038317606
2.9354266806913007,5105.936816828155,A,biosphere_on,3.010084283192227e-09,1.7561680639977518e-06,0.999896038317606
2.964928209295573,5105.314504066779,A,biosphere_on,3.010084283192227e-09,1.7561680639977518e-06,0.999896038317606
2.9947262331915567,5106.583072675129,A,biosphere_on,3.010084283192227e-09,1.7561680639977518e-06,0.999896038317606
3.0248237322064733,5109.027147996929,A,biosphere_on,3.010084283192227e-09,1.7561680639977518e-06,0.999896038317606
3.055223716115305,5111.837807048316,A,biosphere_on,3.010084283192227e-09,1.7561680639977518e-06,0.999896038317606
3.085929224941777,5114.466718642647,A,biosphere_on,3.010084283192227e-09,1.7561680639977518e-06,0.999896038317606
3.1169433292623587,5116.619925388044,A,biosphere_on,3.010084283192227e-09,1.7561680639977518e-06,0.999896038317606
3.1482691305133286,5118.152746803382,A,biosphere_on,3.010084283192227e-09,1.7561680639977518e-06,0.999896038317606
3.179909761300916,5118.991811742208,A,biosphere_on,3.010084283192227e-09,1.7561680639977518e-06,0.999896038317606
3.2118683857145673,5119.094344506801,A,biosphere_on,3.010084283192227e-09,1.7561680639977518e-06,0.999896038317606
3.244148199643356,5118.429734914238,A,biosphere_on,3.010084283192227e-09,1.7561680639977518e-06,0.999896038317606
3.2767524310955745,5116.971810509355,A,biosphere_on,3.010084283192227e-09,1.7561680639977518e-06,0.999896038317606
3.3096843405215393,5114.6957638795,A,biosphere_on,3.010084283192227e-09,1.7561680639977518e-06,0.999896038317606
3.342947221139635,5111.576989020782,A,biosphere_on,3.010084283192227e-09,1.7561680639977518e-06,0.999896038317606
3.3765443992656436,5107.590670166721,A,biosphere_on,3.010084283192227e-09,1.7561680639977518e-06,0.999896038317606
3.4104792346453747,5102.711666283851,A,biosphere_on,3.010084283192227e-09,1.7561680639977518e-06,0.999896038317606
3.444755120790646,5096.9145449246935,A,biosphere_on,3.010084283192227e-09,1.7561680639977518e-06,0.999896038317606
3.479375485318636,5090.173865452222,A,biosphere_on,3.010084283192227e-09,1.7561680639977518e-06,0.999896038317606
3.5143437902946464,5082.465615122212,A,biosphere_on,3.010084283192227e-09,1.7561680639977518e-06,0.999896038317606
3.5496635325783163,5073.77510832597,A,biosphere_on,3.010084283192227e-09,1.7561680639977518e-06,0.999896038317606
3.5853382441733066,5064.1422179071615,A,biosphere_on,3.010084283192227e-09,1.7561680639977518e-06,0.999896038317606
3.621371492580506,5053.918873874,A,biosphere_on,3.010084283192227e-09,1.7561680639977518e-06,0.999896038317606
3.6577668811547834,5045.028786603409,A,biosphere_on,3.010084283192227e-09,1.7561680639977518e-06,0.999896038317606
3.694528049465325,5043.499969304016,A,biosphere_on,3.010084283192227e-09,1.7561680639977518e-06,0.999896038317606
3.731658673659598,5052.745892059986,A,biosphere_on,3.010084283192227e-09,1.7561680639977518e-06,0.999896038317606
3.769162466830961,5066.575535098744,A,biosphere_on,3.010084283192227e-09,1.7561680639977518e-06,0.999896038317606
3.8070431793899884,5080.733485341155,A,biosphere_on,3.010084283192227e-09,1.7561680639977518e-06,0.999896038317606
3.845304599439499,5094.180362510667,A,biosphere_on,3.010084283192227e-09,1.7561680639977518e-06,0.999896038317606
3.8839505531533853,5106.706515247708,A,biosphere_on,3.010084283192227e-09,1.7561680639977518e-06,0.999896038317606
3.9229849051592245,5118.2481804981435,A,biosphere_on,3.010084283192227e-09,1.7561680639977518e-06,0.999896038317606
3.9624115589247433,5128.764631227058,A,biosphere_on,3.010084283192227e-09,1.7561680639977518e-06,0.999896038317606
4.002234457148177,5138.218161441237,A,biosphere_on,3.010084283192227e-09,1.7561680639977518e-06,0.999896038317606
4.0424575821525295,5146.571003100408,A,biosphere_on,3.010084283192227e-09,1.7561680639977518e-06,0.999896038317606
4.083084956283825,5153.784901977701,A,biosphere_on,3.010084283192227e-09,1.7561680639977518e-06,0.999896038317606
4.12412064231333,5159.821062332023,A,biosphere_on,3.010084283192227e-09,1.7561680639977518e-06,0.999896038317606
4.1655687438438465,5164.640144467509,A,biosphere_on,3.010084283192227e-09,1.7561680639977518e-06,0.999896038317606
4.207433405720065,5168.202280374068,A,biosphere_on,3.010084283192227e-09,1.7561680639977518e-06,0.999896038317606
4.249718814443062,5170.467098471403,A,biosphere_on,3.010084283192227e-09,1.7561680639977518e-06,0.999896038317606
4.2924291985889464,5171.393754511389,A,biosphere_on,3.010084283192227e-09,1.7561680639977518e-06,0.999896038317606
4.335568829231728,5170.940970624383,A,biosphere_on,3.010084283192227e-09,1.7561680639977518e-06,0.999896038317606
4.379142020370417,5169.067090543905,A,biosphere_on,3.010084283192227e-09,1.7561680639977518e-06,0.999896038317606
4.423153129360442,5165.7301745566565,A,biosphere_on,3.010084283192227e-09,1.7561680639977518e-06,0.999896038317606
4.467606557349374,5160.888206214261,A,biosphere_on,3.010084283192227e-09,1.7561680639977518e-06,0.999896038317606
4.512506749717061,5154.499644832227,A,biosphere_on,3.010084283192227e-09,1.7561680639977518e-06,0.999896038317606
4.557858196520153,5146.5251341572275,A,biosphere_on,3.010084283192227e-09,1.7561680639977518e-06,0.999896038317606
4.603665432941126,5136.933366525956,A,biosphere_on,3.010084283192227e-09,1.7561680639977518e-06,0.999896038317606
4.649933039741793,5125.72294704653,A,biosphere_on,3.010084283192227e-09,1.7561680639977518e-06,0.999896038317606
4.696665643721392,5113.009338274834,A,biosphere_on,3.010084283192227e-09,1.7561680639977518e-06,0.999896038317606
4.743867918179263,5099.374721293733,A,biosphere_on,3.010084283192227e-09,1.7561680639977518e-06,0.999896038317606
4.79154458338219,5087.020039986896,A,biosphere_on,3.010084283192227e-09,1.7561680639977518e-06,0.999896038317606
4.83970040703642,5080.776765849698,A,biosphere_on,3.010084283192227e-09,1.7561680639977518e-06,0.999896038317606
4.888340204764454,5082.542641637313,A,biosphere_on,3.010084283192227e-09,1.7561680639977518e-06,0.999896038317606
4.937468840586591,5088.206975984125,A,biosphere_on,3.010084283192227e-09,1.7561680639977518e-06,0.999896038317606
4.987091227407362,5094.7518792037945,A,biosphere_on,3.010084283192227e-09,1.7561680639977518e-06,0.999896038317606
5.0372123275067935,5101.311909407708,A,biosphere_on,3.010084283192227e-09,1.7561680639977518e-06,0.999896038317606
5.087837153036666,5107.7092720063,A,biosphere_on,3.010084283192227e-09,1.7561680639977518e-06,0.999896038317606
5.138970766521724,5113.907621745115,A,biosphere_on,3.010084283192227e-09,1.7561680639977518e-06,0.999896038317606
5.190618281365921,5119.894654446639,A,biosphere_on,3.010084283192227e-09,1.7561680639977518e-06,0.999896038317606
5.242784862363788,5125.6615273913785,A,biosphere_on,3.010084283192227e-09,1.7561680639977518e-06,0.999896038317606
5.29547572621689,5131.199710409742,A,biosphere_on,3.010084283192227e-09,1.7561680639977518e-06,0.999896038317606
5.348696142055527,5136.500554020041,A,biosphere_on,3.010084283192227e-09,1.7561680639977518e-06,0.999896038317606
5.402451431965629,5141.555230407383,A,biosphere_on,3.010084283192227e-09,1.7561680639977518e-06,0.999896038317606
5.456746971520988,5146.354720630997,A,biosphere_on,3.010084283192227e-09,1.7561680639977518e-06,0.999896038317606
5.511588190320801,5150.889807885697,A,biosphere_on,3.010084283192227e-09,1.7561680639977518e-06,0.999896038317606
5.566980572532653,5155.1510722155135,A,biosphere_on,3.010084283192227e-09,1.7561680639977518e-06,0.999896038317606
5.622929657440922,5159.128886016446,A,biosphere_on,3.010084283192227e-09,1.7561680639977518e-06,0.999896038317606
5.679441040000729,5162.813410111694,A,biosphere_on,3.010084283192227e-09,1.7561680639977518e-06,0.999896038317606
5.736520371397416,5166.1945902751495,A,biosphere_on,3.010084283192227e-09,1.7561680639977518e-06,0.999896038317606
5.794173359611696,5169.262154127656,A,biosphere_on,3.010084283192227e-09,1.7561680639977518e-06,0.999896038317606
5.852405769990427,5172.005608367071,A,biosphere_on,3.010084283192227e-09,1.7561680639977518e-06,0.999896038317606
5.911223425823182,5174.414236324882,A,biosphere_on,3.010084283192227e-09,1.7561680639977518e-06,0.999896038317606
5.970632208924552,5176.477095873814,A,biosphere_on,3.010084283192227e-09,1.7561680639977518e-06,0.999896038317606
6.03063806022236,5178.183017748675,A,biosphere_on,3.010084283192227e-09,1.7561680639977518e-06,0.999896038317606
6.091246980351737,5179.520604393725,A,biosphere_on,3.010084283192227e-09,1.7561680639977518e-06,0.999896038317606
6.1524650302552075,5180.478229526315,A,biosphere_on,3.010084283192227e-09,1.7561680639977518e-06,0.999896038317606
6.214298331788772,5181.04403872761,A,biosphere_on,3.010084283192227e-09,1.7561680639977518e-06,0.999896038317606
6.276753068334117,5181.205951570388,A,biosphere_on,3.010084283192227e-09,1.7561680639977518e-06,0.999896038317606
6.3398354854169385,5180.951666130424,A,biosphere_on,3.010084283192227e-09,1.7561680639977518e-06,0.999896038317606
6.403551891331518,5180.268667309165,A,biosphere_on,3.010084283192227e-09,1.7561680639977518e-06,0.999896038317606
6.467908657771538,5179.1442414188405,A,biosphere_on,3.010084283192227e-09,1.7561680639977518e-06,0.999896038317606
6.532912220467278,5177.5655013190435,A,biosphere_on,3.010084283192227e-09,1.7561680639977518e-06,0.999896038317606
6.598569079829179,5175.519429758361,A,biosphere_on,3.010084283192227e-09,1.7561680639977518e-06,0.999896038317606
6.664885801597886,5172.992954856263,A,biosphere_on,3.010084283192227e-09,1.7561680639977518e-06,0.999896038317606
6.731869017500846,5169.97308362314,A,biosphere_on,3.010084283192227e-09,1.7561680639977518e-06,0.999896038317606
6.799525425915462,5166.447142655747,A,biosphere_on,3.010084283192227e-09,1.7561680639977518e-06,0.999896038317606
6.867861792538963,5162.403221177816,A,biosphere_on,3.010084283192227e-09,1.7561680639977518e-06,0.999896038317606
6.936884951064952,5157.831004440393,A,biosphere_on,3.010084283192227e-09,1.7561680639977518e-06,0.999896038317606
7.006601803866808,5152.723375589456,A,biosphere_on,3.010084283192227e-09,1.7561680639977518e-06,0.999896038317606
7.0770193226879,5147.079556608393,A,biosphere_on,3.010084283192227e-09,1.7561680639977518e-06,0.999896038317606
7.148144549338801,5140.911365041154,A,biosphere_on,3.010084283192227e-09,1.7561680639977518e-06,0.999896038317606
7.21998459640144,5134.255760342113,A,biosphere_on,3.010084283192227e-09,1.7561680639977518e-06,0.999896038317606
7.292546647940396,5127.199679647504,A,biosphere_on,3.010084283192227e-09,1.7561680639977518e-06,0.999896038317606
7.365837960221285,5119.926528800956,A,biosphere_on,3.010084283192227e-09,1.7561680639977518e-06,0.999896038317606
7.4398658624364185,5112.790379268348,A,biosphere_on,3.010084283192227e-09,1.7561680639977518e-06,0.999896038317606
7.514637757437701,5106.3872948089665,A,biosphere_on,3.010084283192227e-09,1.7561680639977518e-06,0.999896038317606
7.59016112247695,5101.491623386777,A,biosphere_on,3.010084283192227e-09,1.7561680639977518e-06,0.999896038317606
7.666443509953598,5098.694668283211,A,biosphere_on,3.010084283192227e-09,1.7561680639977518e-06,0.999896038317606
7.743492548169969,5097.976621413909,A,biosphere_on,3.010084283192227e-09,1.7561680639977518e-06,0.999896038317606
7.821315942094086,5098.774612354218,A,biosphere_on,3.010084283192227e-09,1.7561680639977518e-06,0.999896038317606
7.899921474130201,5100.4395768683735,A,biosphere_on,3.010084283192227e-09,1.7561680639977518e-06,0.999896038317606
7.979317004897014,5102.519164875288,A,biosphere_on,3.010084283192227e-09,1.7561680639977518e-06,0.999896038317606
8.059510474013775,5104.768938787205,A,biosphere_on,3.010084283192227e-09,1.7561680639977518e-06,0.999896038317606
8.140509900894214,5107.074240749244,A,biosphere_on,3.010084283192227e-09,1.7561680639977518e-06,0.999896038317606
8.222323385548528,5109.385515717974,A,biosphere_on,3.010084283192227e-09,1.7561680639977518e-06,0.999896038317606
8.30495910939335,5111.682195556908,A,biosphere_on,3.010084283192227e-09,1.7561680639977518e-06,0.999896038317606
8.388425336069936,5113.955622595034,A,biosphere_on,3.010084283192227e-09,1.7561680639977518e-06,0.999896038317606
8.47273041227051,5116.201729424519,A,biosphere_on,3.010084283192227e-09,1.7561680639977518e-06,0.999896038317606
8.557882768572938,5118.418129154185,A,biosphere_on,3.010084283192227e-09,1.7561680639977518e-06,0.999896038317606
8.64389092028382,5120.603038944397,A,biosphere_on,3.010084283192227e-09,1.7561680639977518e-06,0.999896038317606
8.730763468289995,5122.7549122064065,A,biosphere_on,3.010084283192227e-09,1.7561680639977518e-06,0.999896038317606
8.81850909991866,5124.872324067743,A,biosphere_on,3.010084283192227e-09,1.7561680639977518e-06,0.999896038317606
8.907136589806099,5126.953936804465,A,biosphere_on,3.010084283192227e-09,1.7561680639977518e-06,0.999896038317606
8.996654800775158,5128.998481752201,A,biosphere_on,3.010084283192227e-09,1.7561680639977518e-06,0.999896038317606
9.08707268472153,5131.004733707084,A,biosphere_on,3.010084283192227e-09,1.7561680639977518e-06,0.999896038317606
9.178399283508963,5132.971467474602,A,biosphere_on,3.010084283192227e-09,1.7561680639977518e-06,0.999896038317606
9.270643729873434,5134.897392220283,A,biosphere_on,3.010084283192227e-09,1.7561680639977518e-06,0.999896038317606
9.36381524833646,5136.781064614455,A,biosphere_on,3.010084283192227e-09,1.7561680639977518e-06,0.999896038317606
9.457923156127519,5138.620788587562,A,biosphere_on,3.010084283192227e-09,1.7561680639977518e-06,0.999896038317606
9.552976864115825,5140.414517467388,A,biosphere_on,3.010084283192227e-09,1.7561680639977518e-06,0.999896038317606
9.648985877751379,5142.159781364826,A,biosphere_on,3.010084283192227e-09,1.7561680639977518e-06,0.999896038317606
9.74595979801556,5143.853665950429,A,biosphere_on,3.010084283192227e-09,1.7561680639977518e-06,0.999896038317606
9.8439083223812,5145.49286529167,A,biosphere_on,3.010084283192227e-09,1.7561680639977518e-06,0.999896038317606
9.942841245782365,5147.0738196424,A,biosphere_on,3.010084283192227e-09,1.7561680639977518e-06,0.999896038317606
10.042768461593834,5148.592930034981,A,biosphere_on,3.010084283192227e-09,1.7561680639977518e-06,0.999896038317606
10.143699962620468,5150.046819348881,A,biosphere_on,3.010084283192227e-09,1.7561680639977518e-06,0.999896038317606
10.24564584209647,5151.432590701409,A,biosphere_on,3.010084283192227e-09,1.7561680639977518e-06,0.999896038317606
10.348616294694754,5152.748025465978,A,biosphere_on,3.010084283192227e-09,1.7561680639977518e-06,0.999896038317606
10.452621617546379,5153.991669872367,A,biosphere_on,3.010084283192227e-09,1.7561680639977518e-06,0.999896038317606
10.557672211270308,5155.1627816302525,A,biosphere_on,3.010084283192227e-09,1.7561680639977518e-06,0.999896038317606
10.663778581013451,5156.261141648789,A,biosphere_on,3.010084283192227e-09,1.7561680639977518e-06,0.999896038317606
10.770951337501211,5157.286771334155,A,biosphere_on,3.010084283192227e-09,1.7561680639977518e-06,0.999896038317606
10.87920119809854,5158.239621743857,A,biosphere_on,3.010084283192227e-09,1.7561680639977518e-06,0.999896038317606
10.988538987881709,5159.11930779842,A,biosphere_on,3.010084283192227e-09,1.7561680639977518e-06,0.999896038317606
11.098975640720818,5159.924945809247,A,biosphere_on,3.010084283192227e-09,1.7561680639977518e-06,0.999896038317606
11.210522200373171,5160.65512102325,A,biosphere_on,3.010084283192227e-09,1.7561680639977518e-06,0.999896038317606
11.323189821587698,5161.307975390357,A,biosphere_on,3.010084283192227e-09,1.7561680639977518e-06,0.999896038317606
11.436989771220404,5161.881377322552,A,biosphere_on,3.010084283192227e-09,1.7561680639977518e-06,0.999896038317606
11.551933429361092,5162.373123374727,A,biosphere_on,3.010084283192227e-09,1.7561680639977518e-06,0.999896038317606
11.668032290471356,5162.781127423668,A,biosphere_on,3.010084283192227e-09,1.7561680639977518e-06,0.999896038317606
11.785297964534063,5163.1035701568335,A,biosphere_on,3.010084283192227e-09,1.7561680639977518e-06,0.999896038317606
11.903742178214335,5163.339001719323,A,biosphere_on,3.010084283192227e-09,1.7561680639977518e-06,0.999896038317606
12.023376776032249,5163.486405831722,A,biosphere_on,3.010084283192227e-09,1.7561680639977518e-06,0.999896038317606
12.144213721547278,5163.545241132335,A,biosphere_on,3.010084283192227e-09,1.7561680639977518e-06,0.999896038317606
12.266265098554676,5163.515475425495,A,biosphere_on,3.010084283192227e-09,1.7561680639977518e-06,0.999896038317606
12.389543112293847,5163.397623761734,A,biosphere_on,3.010084283192227e-09,1.7561680639977518e-06,0.999896038317606
12.514060090668908,5163.192794989718,A,biosphere_on,3.010084283192227e-09,1.7561680639977518e-06,0.999896038317606
12.639828485481447,5162.9027457605225,A,biosphere_on,3.010084283192227e-09,1.7561680639977518e-06,0.999896038317606
12.766860873675764,5162.529936746494,A,biosphere_on,3.010084283192227e-09,1.7561680639977518e-06,0.999896038317606
12.895169958596531,5162.077582898436,A,biosphere_on,3.010084283192227e-09,1.7561680639977518e-06,0.999896038317606
13.024768571259173,5161.549687380886,A,biosphere_on,3.010084283192227e-09,1.7561680639977518e-06,0.999896038317606
13.155669671632946,5160.951047004367,A,biosphere_on,3.010084283192227e-09,1.7561680639977518e-06,0.999896038317606
13.287886349936983,5160.287215513671,A,biosphere_on,3.010084283192227e-09,1.7561680639977518e-06,0.999896038317606
13.421431827949283,5159.564410423805,A,biosphere_on,3.010084283192227e-09,1.7561680639977518e-06,0.999896038317606
13.556319460328947,5158.789349993048,A,biosphere_on,3.010084283192227e-09,1.7561680639977518e-06,0.999896038317606
13.69256273595161,5157.9690103121575,A,biosphere_on,3.010084283192227e-09,1.7561680639977518e-06,0.999896038317606
13.830175279258379,5157.110299161753,A,biosphere_on,3.010084283192227e-09,1.7561680639977518e-06,0.999896038317606
13.969170851618253,5156.219653508905,A,biosphere_on,3.010084283192227e-09,1.7561680639977518e-06,0.999896038317606
