time_sec,flux_5pct
-300.0,0.0
-296.0960960960961,0.0
-292.1921921921922,0.0
-288.2882882882883,0.0
-284.38438438438436,0.0
-280.4804804804805,0.0
-276.5765765765766,0.0
-272.67267267267266,0.0
-268.7687687687688,0.0
-264.86486486486484,0.0
-260.96096096096096,0.0
-257.0570570570571,0.0
-253.15315315315314,0.0
-249.24924924924926,0.0
-245.34534534534535,0.0
-241.44144144144144,0.0
-237.53753753753753,0.0
-233.63363363363362,0.0
-229.72972972972974,0.0
-225.82582582582583,0.0
-221.92192192192192,0.0
-218.01801801801804,0.0
-214.1141141141141,0.0
-210.21021021021022,0.0
-206.3063063063063,0.0
-202.4024024024024,0.0
-198.49849849849852,0.0
-194.59459459459458,0.0
-190.6906906906907,0.0
-186.7867867867868,0.0
-182.88288288288288,0.0
-178.978978978979,0.0
-175.07507507507506,0.0
-171.17117117117118,0.0
-167.26726726726727,0.0
-163.36336336336336,0.0
-159.45945945945945,0.0
-155.55555555555557,0.0
-151.65165165165166,0.0
-147.74774774774775,0.0
-143.84384384384384,0.0
-139.93993993993993,0.0
-136.03603603603605,0.0
-132.13213213213214,0.0
-128.22822822822823,0.0
-124.32432432432432,0.0
-120.42042042042041,0.0
-116.51651651651653,0.0
-112.61261261261262,0.0
-108.70870870870871,0.0
-104.8048048048048,0.0
-100.9009009009009,0.0
-96.99699699699701,0.0
-93.0930930930931,0.0
-89.1891891891892,0.0
-85.28528528528528,0.0
-81.38138138138137,0.0
-77.47747747747749,0.0
-73.57357357357358,0.0
-69.66966966966967,0.0
-65.76576576576576,0.0
-61.861861861861854,0.0
-57.95795795795797,0.0003337273462964141
-54.05405405405406,0.0005250461011225338
-50.150150150150154,0.0008908073110619586
-46.246246246246244,0.001568322318615767
-42.34234234234236,0.002670707487693744
-38.438438438438425,0.0042868842036144885
-34.534534534534544,0.0064815788731052565
-30.630630630630662,0.009295322924302135
-26.726726726726724,0.01274445280674998
-22.822822822822843,0.016821109991402256
-18.918918918918905,0.0214932409706214
-15.015015015015024,0.026704597258178336
-11.111111111111143,0.03237473538925295
-7.207207207207205,0.03839901692043388
-3.3033033033033234,0.0446486084297183
0.6006006006006146,0.04901049726363798
4.504504504504496,0.045387487990421596
8.408408408408377,0.042100741400298174
12.312312312312315,0.03911740538529694
16.216216216216196,0.03640786881215844
20.120120120120134,0.033945441218735405
24.024024024024015,0.031706064176061866
27.927927927927897,0.029668051185392397
31.831831831831835,0.027811853289042288
35.735735735735716,0.026119847852782152
39.639639639639654,0.02457614822888824
43.543543543543535,0.02316643223544744
47.447447447447416,0.02187778759161841
51.351351351351354,0.02069857263247567
55.255255255255236,0.01961829079280268
59.159159159159174,0.018627477498553507
63.063063063063055,0.017717598239290262
66.96696696696694,0.016880956716183497
70.87087087087087,0.016110612069453314
74.77477477477476,0.015400304287613069
78.6786786786787,0.014744386989625083
82.58258258258257,0.01413776685105146
86.48648648648646,0.013575849017348866
90.3903903903904,0.01305448791239792
94.29429429429428,0.012569942908878418
98.19819819819821,0.01211883837983608
102.1021021021021,0.01169812769830822
106.00600600600598,0.01130506079469766
109.90990990990991,0.010937154920173773
113.8138138138138,0.010592168299152754
117.71771771771773,0.010268076385245073
121.62162162162161,0.00996305046329568
125.5255255255255,0.00967543836558807
129.42942942942943,0.0094037470932136
133.33333333333331,0.009146627154270113
137.23723723723725,0.008902858449174112
141.14114114114113,0.008671337550149875
145.04504504504501,0.008451066237078893
148.94894894894895,0.008241141165518535
152.85285285285283,0.008040744554976867
156.75675675675677,0.007849135796594868
160.66066066066065,0.0076656438893576775
164.56456456456453,0.007489660622941047
168.46846846846847,0.007320634433395615
172.37237237237235,0.007158064865167364
176.2762762762763,0.007001497579527219
180.18018018018017,0.0068505198554073155
184.08408408408405,0.006704756533980123
187.987987987988,0.006563866363127745
191.89189189189187,0.006427538702283868
195.7957957957958,0.00629549055203759
199.6996996996997,0.006167463876408846
203.60360360360357,0.006043223188877441
207.5075075075075,0.005922553376106553
211.4114114114114,0.005805257735877618
215.31531531531527,0.005691156208074943
219.2192192192192,0.00558008377965033
223.12312312312315,0.005471889046383075
227.02702702702697,0.005366432915949405
230.9309309309309,0.005263587438346237
234.83483483483485,0.005163234751093573
238.73873873873868,0.005065266127882855
242.6426426426426,0.004969581120458831
246.54654654654655,0.004876086784531907
250.4504504504505,0.004784696981427498
254.3543543543543,0.004695331747998707
258.25825825825825,0.0046079167280672385
262.1621621621622,0.004522382659323128
266.066066066066,0.004438664910213662
269.96996996996995,0.004356703061892439
273.8738738738739,0.004276440530786571
277.7777777777777,0.004197824227778999
281.68168168168165,0.004120804250398384
285.5855855855856,0.004045333604765572
289.48948948948953,0.0039713679543667444
293.39339339339335,0.003898865393012851
297.2972972972973,0.003827786239605779
301.20120120120123,0.003758092852566767
305.10510510510505,0.0036897494619943395
309.009009009009,0.0036227220178099585
312.91291291291293,0.003556978052321637
316.81681681681675,0.0034924865557906604
320.7207207207207,0.0034292178637263583
324.62462462462463,0.003367143554759691
328.52852852852857,0.003306236358059843
332.4324324324324,0.0032464700693603044
336.33633633633633,0.003187819474752943
340.24024024024027,0.0031302602814917042
344.1441441441441,0.0030737690551222736
348.04804804804803,0.0030183231623215397
351.95195195195197,0.0029639007188914184
355.8558558558558,0.002910480542406344
359.75975975975973,0.0028580421090630757
363.66366366366367,0.002806565514325985
367.5675675675676,0.0027560314370009657
371.47147147147143,0.002706421106407312
375.37537537537537,0.002657716272349411
379.2792792792793,0.0026098991776194445
383.18318318318313,0.002562952532788706
387.08708708708707,0.0025168594930689747
390.990990990991,0.0024716036370468954
394.89489489489483,0.002427168947113579
398.79879879879877,0.0023835397914291467
402.7027027027027,0.002340700907277657
406.60660660660665,0.002298637385681963
410.51051051051047,0.0022573346571608793
414.4144144144144,0.002216778478522505
418.31831831831835,0.002176954920597949
422.2222222222222,0.002137850356829017
426.1261261261261,0.002099451452631885
430.03003003003005,0.0020617451554663627
433.9339339339339,0.0020247186855471703
437.8378378378378,0.0019883595271398867
441.74174174174175,0.0019526554203897273
445.6456456456457,0.0019175943536363612
449.5495495495495,0.0018831645561724843
453.45345345345345,0.00184935449140795
457.3573573573574,0.0018161528504049382
461.2612612612612,0.0017835485457529253
465.16516516516515,0.0017515307057552596
469.0690690690691,0.0017200886689017923
472.9729729729729,0.0016892119786044608
476.87687687687685,0.0016588903781749303
480.7807807807808,0.0016291138060253417
484.6846846846847,0.0015998723910750235
488.58858858858855,0.0015711564483476192
492.4924924924925,0.0015429564747445343
496.3963963963964,0.0015152631449819381
500.30030030030025,0.0014880673076796704
504.2042042042042,0.0014613599815915621
508.1081081081081,0.0014351323519675712
512.012012012012,0.001409375767039012
515.9159159159159,0.0013840817346189738
519.8198198198198,0.0013592419188106998
523.7237237237238,0.001334848136817344
527.6276276276276,0.0013108923558471112
531.5315315315315,0.0012873666901082822
535.4354354354355,0.0012642633978891473
539.3393393393393,0.0012415748787182165
543.2432432432432,0.0012192936706005475
547.1471471471472,0.0011974124473263276
551.051051051051,0.0011759240158481538
554.9549549549549,0.001154821313723788
558.8588588588589,0.0011340974066213819
562.7627627627628,0.0011137454858843995
566.6666666666666,0.0010937588661537121
570.5705705705706,0.0010741309830444845
574.4744744744745,0.0010548553908756922
578.3783783783783,0.0010359257604502276
582.2822822822823,0.0010173358768837159
586.1861861861862,0.000999079637480304
590.09009009009,0.000981151049653765
593.993993993994,0.000963544228892406
597.8978978978979,0.0009462533967663587
601.8018018018018,0.0009292728789758906
605.7057057057057,0.0009125971034394999
609.6096096096096,0.0008962205984206032
613.5135135135135,0.0008801379906916943
617.4174174174174,0.0008643440037349293
621.3213213213213,0.0008488334559781362
625.2252252252252,0.0008336012590652999
629.1291291291291,0.0008186424161606329
633.033033033033,0.0008039520202853672
636.936936936937,0.0007895252526864644
640.8408408408409,0.000775357381236459
644.7447447447447,0.0007614437588636937
648.6486486486486,0.0007477798220122337
652.5525525525526,0.00073436108913079
656.4564564564564,0.0007211831591899735
660.3603603603603,0.0007082417102272744
664.2642642642643,0.000695532497919141
668.1681681681681,0.0006830513541795858
672.072072072072,0.0006707941857847473
675.975975975976,0.0006587569730228623
679.8798798798799,0.0006469357683691225
683.7837837837837,0.0006353266951849062
687.6876876876877,0.000623925946440878
691.5915915915916,0.000612729783463492
695.4954954954954,0.0006017345347044174
699.3993993993994,0.0005909365945324361
703.3033033033033,0.000580332422047377
707.2072072072071,0.0005699185399156453
711.1111111111111,0.0005596915332269353
715.015015015015,0.0005496480483717204
718.9189189189188,0.000539784791939113
722.8228228228228,0.0005300985296347154
726.7267267267266,0.0005205860852180754
730.6306306306305,0.000511244339459379
734.5345345345345,0.0005020702291150223
738.4384384384384,0.0004930607459216963
742.3423423423424,0.0004842129356086543
746.2462462462463,0.00047552389692781305
750.1501501501502,0.0004669907807013577
754.054054054054,0.0004586107888865313
757.9579579579579,0.0004503811736572853
761.8618618618618,0.0004422992365024861
765.7657657657658,0.0004343623273403691
769.6696696696697,0.0004265678436489433
773.5735735735736,0.00041891322961205564
777.4774774774774,0.0004113959752808266
781.3813813813813,0.0004040136157501766
785.2852852852852,0.0003967637303501739
789.1891891891892,0.0003896439418519213
793.0930930930931,0.0003826519156877311
796.996996996997,0.00037578535918532163
800.900900900901,0.00036904202081577855
804.8048048048047,0.00036241968945504015
808.7087087087086,0.0003559161936586505
812.6126126126126,0.0003495294009495508
816.5165165165165,0.00034325721711866595
820.4204204204204,0.0003370975855380573
824.3243243243244,0.0003310484864864148
828.2282282282283,0.0003251079364866665
832.132132132132,0.0003192739876554846
836.036036036036,0.0003135447270644738
839.9399399399399,0.00030791827611283595
843.8438438438438,0.00030239278991129513
847.7477477477478,0.0002969664566770901
851.6516516516517,0.000291637497139826
855.5555555555554,0.0002864041639579976
859.4594594594594,0.0002812647411459857
863.3633633633633,0.00027621754351134226
867.2672672672672,0.0002712609161021767
871.1711711711712,0.0002663932336644646
875.0750750750751,0.0002616129001090947
878.9789789789791,0.0002569183479884868
882.8828828828828,0.00025230803798260293
886.7867867867867,0.0002477804583941825
890.6906906906906,0.00024333412465304158
894.5945945945946,0.00023896757882926707
898.4984984984985,0.00023467938915514762
902.4024024024025,0.00023046814955568712
906.3063063063064,0.00022633247918754388
910.2102102102101,0.00022227102198624392
914.114114114114,0.00021828244622152063
918.018018018018,0.00021436544406063754
921.9219219219219,0.0002105187311395438
925.8258258258259,0.0002067410461417302
929.7297297297298,0.0002030311503846397
933.6336336336335,0.000199387827413504
937.5375375375374,0.00019580988260246542
941.4414414414414,0.00019229614276286084
945.3453453453453,0.00018884545575853325
949.2492492492493,0.00018545669012804677
953.1531531531532,0.00018212873471368216
957.0570570570571,0.00017886049829709088
960.9609609609608,0.00017565090924148553
964.8648648648648,0.00017249891514025268
968.7687687687687,0.00016940348247187302
972.6726726726727,0.00016636359626102988
976.5765765765766,0.0001633782597458045
980.4804804804805,0.0001604464940508398
984.3843843843845,0.0001575673378663697
988.2882882882882,0.00015473984713301102
992.1921921921921,0.0001519630947322085
996.0960960960961,0.00014923617018223643
1000.0,0.00014655817933965616
1003.9039039039039,0.0001439282441061297
1007.8078078078079,0.0001413455021404948
1011.7117117117116,0.00013880910657600742
1015.6156156156155,0.00013631822574265793
1019.5195195195195,0.00013387204289447025
1023.4234234234234,0.00013146975594169457
1027.3273273273273,0.0001291105771878063
1031.2312312312313,0.00012679373307122372
1035.1351351351352,0.00012451846391166101
1039.039039039039,0.00012228402366103348
1042.9429429429429,0.00012008967965883082
1046.8468468468468,0.00011793471239188248
1050.7507507507507,0.00011581841525843302
1054.6546546546547,0.00011374009433645026
1058.5585585585586,0.00011169906815609224
1062.4624624624626,0.00010969466747625704
1066.3663663663663,0.00010772623506514177
1070.2702702702702,0.00010579312548473959
1074.1741741741741,0.00010389470487920444
1078.078078078078,0.00010203035076701295
1081.981981981982,0.0001001994518368561
1085.885885885886,9.84014077471929e-05
1089.7897897897897,9.663562892940271e-05
1093.6936936936936,9.490153639446803e-05
1097.5975975975975,9.319856154312721e-05
1101.5015015015015,9.15261459794344e-05
1105.4054054054054,8.988374132766415e-05
1109.3093093093094,8.827080905250164e-05
1113.2132132132133,8.668682028246065e-05
1117.117117117117,8.513125563646928e-05
1121.021021021021,8.360360505356684e-05
1124.9249249249249,8.210336762565917e-05
1128.8288288288288,8.06300514332727e-05
1132.7327327327328,7.918317338425655e-05
1136.6366366366367,7.776225905538009e-05
1140.5405405405406,7.636684253677165e-05
1144.4444444444443,7.49964662791493e-05
1148.3483483483483,7.36506809437928e-05
1152.2522522522522,7.232904525520853e-05
1156.1561561561562,7.103112585643708e-05
1160.06006006006,6.975649716695812e-05
1163.963963963964,6.850474124314505e-05
1167.8678678678677,6.727544764122343e-05
1171.7717717717717,6.606821328268855e-05
1175.6756756756756,6.488264232213887e-05
1179.5795795795796,6.371834601747985e-05
1183.4834834834835,6.257494260245784e-05
1187.3873873873874,6.14520571614812e-05
1191.2912912912914,6.034932150668722e-05
1195.195195195195,5.9266374057215864e-05
1199.099099099099,5.8202859720648604e-05
1203.003003003003,5.7158429776576575e-05
1206.906906906907,5.613274176225655e-05
1210.8108108108108,5.512545936031911e-05
1214.7147147147148,5.4136252288492626e-05
1218.6186186186185,5.3164796191305304e-05
1222.5225225225224,5.221077253373036e-05
1226.4264264264264,5.1273868496741004e-05
1230.3303303303303,5.035377687473836e-05
1234.2342342342342,4.945019597482021e-05
1238.1381381381382,4.85628295178582e-05
1242.042042042042,4.769138654134918e-05
1245.9459459459458,4.683558130401012e-05
1249.8498498498498,4.5995133192085395e-05
1253.7537537537537,4.516976662733517e-05
1257.6576576576576,4.4359210976674336e-05
1261.5615615615616,4.356320046343406e-05
1265.4654654654655,4.278147408021475e-05
1269.3693693693695,4.2013775503303155e-05
1273.2732732732732,4.125985300862538e-05
1277.177177177177,4.0519459389207945e-05
1281.081081081081,3.979235187411997e-05
1284.984984984985,3.907829204886993e-05
1288.888888888889,3.837704577723097e-05
1292.7927927927929,3.768838312446881e-05
1296.6966966966966,3.701207828194752e-05
1300.6006006006005,3.634790949308806e-05
1304.5045045045044,3.569565898065563e-05
1308.4084084084084,3.505511287535163e-05
1312.3123123123123,3.442606114568726e-05
1316.2162162162163,3.380829752911513e-05
1320.1201201201202,3.320161946439718e-05
1324.024024024024,3.260582802518584e-05
1327.9279279279278,3.20207278547971e-05
1331.8318318318318,3.1446127102154475e-05
1335.7357357357357,3.088183735888164e-05
1339.6396396396397,3.032767359752484e-05
1343.5435435435436,2.9783454110883187e-05
1347.4474474474475,2.9249000452427745e-05
1351.3513513513512,2.8724137377790274e-05
1355.2552552552552,2.8208692787301283e-05
1359.1591591591591,2.770249766955956e-05
1363.063063063063,2.7205386046014418e-05
1366.966966966967,2.6717194916542198e-05
1370.870870870871,2.6237764205999222e-05
1374.7747747747746,2.576693671173442e-05
1378.6786786786786,2.5304558052043202e-05
1382.5825825825825,2.4850476615546544e-05
1386.4864864864865,2.440454351147867e-05
1390.3903903903904,2.3966612520866453e-05
1394.2942942942943,2.3536540048585007e-05
1398.1981981981983,2.31141850762737e-05
1402.102102102102,2.269940911609711e-05
1406.006006006006,2.229207616533541e-05
1409.9099099099099,2.189205266179005e-05
1413.8138138138138,2.14992074399894e-05
1417.7177177177177,2.1113411688180256e-05
1421.6216216216217,2.0734538906091246e-05
1425.5255255255256,2.0362464863454123e-05
1429.4294294294293,1.9997067559269297e-05
1433.3333333333333,1.963822718180234e-05
1437.2372372372372,1.9285826069298583e-05
1441.1411411411411,1.8939748671402257e-05
1445.045045045045,1.859988151126836e-05
1448.948948948949,1.826611314835409e-05
1452.8528528528527,1.793833414187819e-05
1456.7567567567567,1.7616437014935946e-05
1460.6606606606606,1.7300316219258e-05
1464.5645645645645,1.698986810060183e-05
1468.4684684684685,1.6684990864763996e-05
1472.3723723723724,1.6385584544202332e-05
1476.2762762762763,1.6091550965257303e-05
1480.18018018018,1.5802793715961346e-05
1484.084084084084,1.551921811442578e-05
1487.987987987988,1.5240731177795396e-05
1491.8918918918919,1.4967241591759765e-05
1495.7957957957958,1.4698659680611708e-05
1499.6996996996997,1.443489737784331e-05
1503.6036036036037,1.4175868197269286e-05
1507.5075075075074,1.3921487204668671e-05
1511.4114114114113,1.3671670989935318e-05
1515.3153153153153,1.3426337639728313e-05
1519.2192192192192,1.3185406710612935e-05
1523.1231231231232,1.2948799202683725e-05
1527.027027027027,1.2716437533660911e-05
1530.9309309309308,1.2488245513451566e-05
1534.8348348348347,1.2264148319167249e-05
1538.7387387387387,1.2044072470590159e-05
1542.6426426426426,1.1827945806079216e-05
1546.5465465465466,1.1615697458908737e-05
1550.4504504504505,1.1407257834031658e-05
1554.3543543543544,1.1202558585259626e-05
1558.2582582582581,1.1001532592852772e-05
1562.162162162162,1.0804113941511398e-05
1566.066066066066,1.0610237898762818e-05
1569.96996996997,1.0419840893735927e-05
1573.873873873874,1.0232860496316623e-05
1577.7777777777778,1.0049235396677346e-05
1581.6816816816818,9.868905385173957e-06
1585.5855855855855,9.691811332603292e-06
1589.4894894894894,9.517895170815006e-06
1593.3933933933934,9.347099873671452e-06
1597.2972972972973,9.179369438348994e-06
1601.2012012012012,9.014648866975104e-06
1605.1051051051052,8.852884148594837e-06
1609.0090090090089,8.694022241460877e-06
1612.9129129129128,8.538011055641527e-06
1616.8168168168168,8.3847994359407e-06
1620.7207207207207,8.234337145124347e-06
1624.6246246246246,8.08657484744804e-06
1628.5285285285286,7.941464092480011e-06
1632.4324324324325,7.798957299214509e-06
1636.3363363363362,7.659007740470293e-06
1640.2402402402402,7.521569527569021e-06
1644.144144144144,7.386597595288629e-06
1648.048048048048,7.2540476870866805e-06
1651.951951951952,7.123876340588919e-06
1655.855855855856,6.996040873338162e-06
1659.7597597597598,6.870499368798979e-06
1663.6636636636636,6.747210662613518e-06
1667.5675675675675,6.626134329103891e-06
1671.4714714714714,6.507230668016857e-06
1675.3753753753754,6.390460691506341e-06
1679.2792792792793,6.2757861113494894e-06
1683.1831831831832,6.163169326392235e-06
1687.087087087087,6.052573410220041e-06
1690.990990990991,5.9439620990499385e-06
1694.8948948948948,5.837299779839886e-06
1698.7987987987988,5.732551478611387e-06
1702.7027027027027,5.629682848981755e-06
1706.6066066066066,5.528660160902127e-06
1710.5105105105106,5.429450289597546e-06
1714.4144144144143,5.332020704705554e-06
1718.3183183183182,5.2363394596096615e-06
1722.2222222222222,5.1423751809642134e-06
1726.126126126126,5.050097058407282e-06
1730.03003003003,4.959474834458094e-06
1733.933933933934,4.8704787945957676e-06
1737.8378378378377,4.783079757516107e-06
1741.7417417417416,4.6972490655631965e-06
1745.6456456456456,4.6129585753327305e-06
1749.5495495495497,4.530180648443933e-06
1753.4534534534532,4.448888142477126e-06
1757.3573573573572,4.3690544020738085e-06
1761.261261261261,4.290653250196582e-06
1765.165165165165,4.213658979545821e-06
1769.069069069069,4.138046344130379e-06
1772.972972972973,4.0637905509896095e-06
1776.8768768768768,3.990867252063841e-06
1780.7807807807808,3.919252536210821e-06
1784.6846846846847,3.848922921365366e-06
1788.5885885885887,3.7798553468397565e-06
1792.4924924924926,3.712027165762201e-06
1796.3963963963965,3.6454161376511365e-06
1800.3003003003005,3.5800004211226315e-06
1804.204204204204,3.515758566728758e-06
1808.108108108108,3.4526695099243953e-06
1812.0120120120118,3.3907125641603567e-06
1815.9159159159158,3.3298674141002894e-06
1819.8198198198197,3.2701141089594827e-06
1823.7237237237237,3.2114330559630502e-06
1827.6276276276276,3.1538050139215986e-06
1831.5315315315315,3.097211086922135e-06
1835.4354354354355,3.041632718132232e-06
1839.3393393393394,2.9870516837153036e-06
1843.2432432432433,2.9334500868551394e-06
1847.1471471471473,2.8808103518876312e-06
1851.0510510510512,2.829115218537811e-06
1854.9549549549547,2.7783477362603077e-06
1858.8588588588586,2.7284912586813335e-06
1862.7627627627626,2.679529438140481e-06
1866.6666666666665,2.6314462203303685e-06
1870.5705705705705,2.5842258390325417e-06
1874.4744744744744,2.537852810947821e-06
1878.3783783783783,2.49231193061941e-06
1882.2822822822823,2.4475882654471053e-06
1886.1861861861862,2.4036671507910026e-06
1890.0900900900901,2.3605341851630135e-06
1893.993993993994,2.3181752255047168e-06
1897.897897897898,2.2765763825499196e-06
1901.801801801802,2.2357240162704647e-06
1905.705705705706,2.195604731403699e-06
1909.6096096096094,2.156205373060298e-06
1913.5135135135133,2.117513022410796e-06
1917.4174174174173,2.0795149924496143e-06
1921.3213213213212,2.0421988238350425e-06
1925.2252252252251,2.0055522808039076e-06
1929.129129129129,1.9695633471595042e-06
1933.033033033033,1.9342202223315807e-06
1936.936936936937,1.8995113175069944e-06
1940.8408408408409,1.865425251829788e-06
1944.7447447447448,1.831950848669481e-06
1948.6486486486488,1.799077131956324e-06
1952.5525525525527,1.7667933225822893e-06
1956.4564564564566,1.735088834866662e-06
1960.3603603603601,1.703953273085084e-06
1964.264264264264,1.6733764280608085e-06
1968.168168168168,1.6433482738172029e-06
1972.072072072072,1.61385896429028e-06
1975.9759759759759,1.5848988301002195e-06
1979.8798798798798,1.5564583753808285e-06
1983.7837837837837,1.5285282746659254e-06
1987.6876876876877,1.5010993698315444e-06
1991.5915915915916,1.4741626670930478e-06
1995.4954954954956,1.4477093340561237e-06
1999.3993993993995,1.4217306968206786e-06
2003.3033033033034,1.3962182371367127e-06
2007.2072072072074,1.3711635896112552e-06
2011.1111111111109,1.3465585389653771e-06
2015.0150150150148,1.3223950173404463e-06
2018.9189189189187,1.2986651016527442e-06
2022.8228228228227,1.2753610109955095e-06
2026.7267267267266,1.252475104087621e-06
2030.6306306306305,1.2299998767680878e-06
2034.5345345345345,1.2079279595354504e-06
2038.4384384384384,1.1862521151313744e-06
2042.3423423423424,1.164965236167599e-06
2046.2462462462463,1.1440603427954515e-06
2050.1501501501502,1.1235305804172009e-06
2054.054054054054,1.10336921743848e-06
2057.957957957958,1.0835696430610158e-06
2061.861861861862,1.0641253651149999e-06
2065.7657657657655,1.0450300079303467e-06
2069.6696696696695,1.0262773102461258e-06
2073.5735735735734,1.0078611231575484e-06
2077.4774774774774,9.897754080997747e-07
2081.3813813813813,9.720142348678873e-07
2085.285285285285,9.54571779672425e-07
2089.189189189189,9.374423232297933e-07
2093.093093093093,9.206202488869351e-07
2096.996996996997,9.041000407796655e-07
2100.900900900901,8.878762820240593e-07
2104.804804804805,8.719436529402663e-07
2108.708708708709,8.562969293082349e-07
2112.612612612613,8.409309806547162e-07
2116.5165165165163,8.258407685710044e-07
2120.42042042042,8.110213450608705e-07
2124.324324324324,7.964678509181559e-07
2128.228228228228,7.821755141334453e-07
2132.132132132132,7.681396483293663e-07
2136.036036036036,7.543556512239505e-07
2139.93993993994,7.408190031215649e-07
2143.843843843844,7.275252654309319e-07
2147.747747747748,7.144700792097452e-07
2151.6516516516517,7.016491637353893e-07
2155.5555555555557,6.890583151013139e-07
2159.4594594594596,6.76693404838608e-07
2163.3633633633635,6.645503785622847e-07
2167.267267267267,6.526252546418788e-07
2171.171171171171,6.409141228958862e-07
2175.075075075075,6.294131433096481e-07
2178.978978978979,6.181185447762175e-07
2182.8828828828828,6.070266238598443e-07
2186.7867867867867,5.961337435816393e-07
2190.6906906906906,5.854363322270224e-07
2194.5945945945946,5.749308821745821e-07
2198.4984984984985,5.646139487459478e-07
2202.4024024024025,5.54482149076295e-07
2206.3063063063064,5.445321610051209e-07
2210.2102102102103,5.347607219869361e-07
2214.1141141141143,5.251646280214839e-07
2218.0180180180178,5.15740732603172e-07
2221.9219219219217,5.064859456893492e-07
2225.8258258258256,4.973972326870988e-07
2229.7297297297296,4.884716134582088e-07
2233.6336336336335,4.79706161342009e-07
2237.5375375375374,4.710980021957269e-07
2241.4414414414414,4.626443134520764e-07
2245.3453453453453,4.5434232319375544e-07
2249.2492492492493,4.461893092445462e-07
2253.153153153153,4.3818259827672786e-07
2257.057057057057,4.3031956493451436e-07
2260.960960960961,4.2259763097320715e-07
2264.864864864865,4.150142644138064e-07
2268.768768768769,4.075669787127912e-07
2272.6726726726724,4.0025333194679295e-07
2276.5765765765764,3.930709260118992e-07
2280.4804804804803,3.8601740583733857e-07
2284.3843843843842,3.7909045861325716e-07
2288.288288288288,3.7228781303236424e-07
2292.192192192192,3.656072385451855e-07
2296.096096096096,3.590465446286738e-07
2300.0,3.526035800679524e-07
2303.903903903904,3.462762322509421e-07
2307.807807807808,3.400624264756482e-07
2311.711711711712,3.3396012526987633e-07
2315.6156156156158,3.279673277231594e-07
2319.5195195195197,3.220820688306662e-07
2323.423423423423,3.163024188488903e-07
2327.327327327327,3.106264826628972e-07
2331.231231231231,3.0505239916492506e-07
2335.135135135135,2.9957834064414045e-07
2339.039039039039,2.942025121873422e-07
2342.942942942943,2.889231510904163e-07
2346.846846846847,2.837385262803575e-07
2350.7507507507507,2.786469377476614e-07
2354.6546546546547,2.7364671598889626e-07
2358.5585585585586,2.687362214592863e-07
2362.4624624624626,2.639138440351141e-07
2366.3663663663665,2.5917800248576686e-07
2370.2702702702704,2.545271439552621e-07
2374.174174174174,2.499597434530763e-07
2378.078078078078,2.4547430335410316e-07
2381.981981981982,2.410693529075974e-07
2385.8858858858857,2.3674344775492137e-07
2389.7897897897897,2.324951694559463e-07
2393.6936936936936,2.2832312502395513e-07
2397.5975975975975,2.242259464688909e-07
2401.5015015015015,2.202022903487986e-07
2405.4054054054054,2.1625083732931771e-07
2409.3093093093094,2.1237029175108334e-07
2413.2132132132133,2.085593812048827e-07
2417.1171171171172,2.0481685611444107e-07
2421.021021021021,2.0114148932669353e-07
2424.924924924925,1.975320757094068e-07
2428.8288288288286,1.9398743175602313e-07
2432.7327327327325,1.9050639519759542e-07
2436.6366366366365,1.8708782462168773e-07
2440.5405405405404,1.8373059909810936e-07
2444.4444444444443,1.804336178113695e-07
2448.3483483483483,1.771957996997272e-07
2452.252252252252,1.7401608310071423e-07
2456.156156156156,1.7089342540302466e-07
2460.06006006006,1.6782680270464801e-07
2463.963963963964,1.648152094771362e-07
2467.867867867868,1.61857658235897e-07
2471.771771771772,1.5895317921640455e-07
2475.675675675676,1.5610082005621724e-07
2479.5795795795793,1.532996454827036e-07
2483.4834834834833,1.5054873700637303e-07
2487.387387387387,1.4784719261970695e-07
2491.291291291291,1.4519412650139584e-07
2495.195195195195,1.425886687258841e-07
2499.099099099099,1.4002996497812526e-07
2503.003003003003,1.375171762734567e-07
2506.906906906907,1.3504947868250317e-07
2510.810810810811,1.3262606306101277e-07
2514.714714714715,1.3024613478454396e-07
2518.6186186186187,1.2790891348791336e-07
2522.5225225225226,1.2561363280931692e-07
2526.4264264264266,1.2335954013904513e-07
2530.33033033033,1.2114589637270647e-07
2534.234234234234,1.189719756688785e-07
2538.138138138138,1.1683706521110922e-07
2542.042042042042,1.1474046497418896e-07
2545.945945945946,1.1268148749461468e-07
2549.8498498498498,1.1065945764517548e-07
2553.7537537537537,1.0867371241358195e-07
2557.6576576576576,1.067236006850681e-07
2561.5615615615616,1.0480848302889436e-07
2565.4654654654655,1.0292773148868243e-07
2569.3693693693695,1.0108072937651096e-07
2573.2732732732734,9.926687107070738e-08
2577.1771771771773,9.748556181726875e-08
2581.0810810810813,9.57362175348436e-08
2584.9849849849847,9.40182646232164e-08
2588.8888888888887,9.233113977522659e-08
2592.7927927927926,9.067428979206343e-08
2596.6966966966966,8.904717140187505e-08
2600.6006006006005,8.744925108163338e-08
2604.5045045045044,8.588000488219343e-08
2608.4084084084084,8.433891825649464e-08
2612.3123123123123,8.282548589084366e-08
2616.2162162162163,8.133921153922406e-08
2620.12012012012,7.987960786058045e-08
2624.024024024024,7.844619625902245e-08
2627.927927927928,7.703850672689522e-08
2631.831831831832,7.565607769066632e-08
2635.7357357357355,7.42984558595797e-08
2639.6396396396394,7.296519607702234e-08
2643.5435435435434,7.165586117456118e-08
2647.4474474474473,7.0370021828598e-08
2651.3513513513512,6.910725641959594e-08
2655.255255255255,6.786715089383276e-08
2659.159159159159,6.664929862763614e-08
2663.063063063063,6.545330029405266e-08
2666.966966966967,6.427876373191133e-08
2670.870870870871,6.312530381723648e-08
2674.774774774775,6.199254233696708e-08
2678.678678678679,6.088010786494279e-08
2682.5825825825827,5.978763564011637e-08
2686.4864864864862,5.8714767446949536e-08
2690.39039039039,5.766115149795626e-08
2694.294294294294,5.6626442318354e-08
2698.198198198198,5.5610300632784575e-08
2702.102102102102,5.461239325406675e-08
2706.006006006006,5.363239297394687e-08
2709.90990990991,5.2669978455809136e-08
2713.813813813814,5.172483412931047e-08
2717.7177177177177,5.079665008690718e-08
2721.6216216216217,4.988512198223823e-08
2725.5255255255256,4.89899509303313e-08
2729.4294294294295,4.8110843409600046e-08
2733.3333333333335,4.7247511165600725e-08
2737.237237237237,4.639967111651446e-08
2741.141141141141,4.5567045260326264e-08
2745.045045045045,4.474936058367048e-08
2748.948948948949,4.39463489723105e-08
2752.8528528528527,4.315774712322558e-08
2756.7567567567567,4.238329645827601e-08
2760.6606606606606,4.1622743039415966e-08
2764.5645645645645,4.087583748542896e-08
2768.4684684684685,4.014233489015737e-08
2772.3723723723724,3.942199474219862e-08
2776.2762762762763,3.871458084604314e-08
2780.1801801801803,3.8019861244627097e-08
2784.084084084084,3.733760814327496e-08
2787.987987987988,3.666759783500687e-08
2791.8918918918916,3.600961062718667e-08
2795.7957957957956,3.536343076948525e-08
2799.6996996996995,3.472884638313791e-08
2803.6036036036035,3.410564939147014e-08
2807.5075075075074,3.349363545167052e-08
2811.4114114114113,3.28926038877878e-08
2815.3153153153153,3.23023576249306e-08
2819.219219219219,3.1722703124647304e-08
2823.123123123123,3.115345032146607e-08
2827.027027027027,3.0594412560573626e-08
2830.930930930931,3.0045406536611663e-08
2834.834834834835,2.950625223357255e-08
2838.738738738739,2.897677286577296e-08
2842.6426426426424,2.8456794819886698e-08
2846.5465465465463,2.794614759801777e-08
2850.4504504504503,2.74446637617956e-08
2854.354354354354,2.695217887747221e-08
2858.258258258258,2.6468531462005823e-08
2862.162162162162,2.5993562930111398e-08
2866.066066066066,2.5527117542261214e-08
2869.96996996997,2.506904235361883e-08
2873.873873873874,2.46191871638895e-08
2877.777777777778,2.4177404468070107e-08
2881.6816816816818,2.3743549408083053e-08
2885.5855855855857,2.3317479725278476e-08
2889.4894894894896,2.2899055713788034e-08
2893.393393393393,2.2488140174716335e-08
2897.297297297297,2.2084598371154127e-08
2901.201201201201,2.1688297983998874e-08
2905.105105105105,2.129910906856787e-08
2909.009009009009,2.0916904011990463e-08
2912.912912912913,2.0541557491364164e-08
2916.8168168168168,2.0172946432662094e-08
2920.7207207207207,1.9810949970377817e-08
2924.6246246246246,1.945544940789402e-08
2928.5285285285286,1.9106328178562537e-08
2932.4324324324325,1.8763471807483118e-08
2936.3363363363364,1.8426767873967376e-08
2940.2402402402404,1.809610597467683e-08
2944.1441441441443,1.777137768742237e-08
2948.048048048048,1.745247653561306e-08
2951.9519519519517,1.7139297953342985e-08
2955.8558558558557,1.6831739251104946e-08
2959.7597597597596,1.6529699582119055e-08
2963.6636636636636,1.6233079909265476e-08
2967.5675675675675,1.5941782972610834e-08
2971.4714714714714,1.5655713257517292e-08
2975.3753753753754,1.537477696332371e-08
2979.2792792792793,1.5098881972588876e-08
2983.1831831831832,1.4827937820887001e-08
2987.087087087087,1.4561855667144626e-08
2990.990990990991,1.4300548264510256e-08
2994.894894894895,1.4043929931746701e-08
2998.7987987987985,1.3791916525136532e-08
3002.7027027027025,1.3544425410891744e-08
3006.6066066066064,1.3301375438058942e-08
3010.5105105105104,1.3062686911910064e-08
3014.4144144144143,1.2828281567811055e-08
3018.3183183183182,1.259808254555938e-08
3022.222222222222,1.2372014364181873e-08
3026.126126126126,1.2150002897185024e-08
3030.03003003003,1.1931975348249312e-08
3033.933933933934,1.1717860227359685e-08
3037.837837837838,1.1507587327364354e-08
3041.741741741742,1.1301087700954374e-08
3045.645645645646,1.1098293638056046e-08
3049.5495495495493,1.0899138643629292e-08
3053.453453453453,1.0703557415864192e-08
3057.357357357357,1.0511485824768999e-08
3061.261261261261,1.0322860891142189e-08
3065.165165165165,1.0137620765922013e-08
3069.069069069069,9.955704709906436e-09
3072.972972972973,9.777053073837137e-09
3076.876876876877,9.60160727884093e-09
3080.780780780781,9.429309797221891e-09
3084.6846846846847,9.260104133598528e-09
3088.5885885885887,9.093934806379216e-09
3092.4924924924926,8.930747329570022e-09
3096.3963963963965,8.770488194909107e-09
3100.3003003003005,8.613104854321703e-09
3104.204204204204,8.458545702689835e-09
3108.108108108108,8.306760060931212e-09
3112.012012012012,8.157698159382078e-09
3115.915915915916,8.011311121477789e-09
3119.8198198198197,7.86755094772655e-09
3123.7237237237237,7.726370499970683e-09
3127.6276276276276,7.587723485930225e-09
3131.5315315315315,7.451564444023927e-09
3135.4354354354355,7.317848728462786e-09
3139.3393393393394,7.186532494610801e-09
3143.2432432432433,7.0575726846086145e-09
3147.1471471471473,6.930927013255125e-09
3151.051051051051,6.806553954142334e-09
3154.9549549549547,6.6844127260390755e-09
3158.8588588588586,6.564463279519138e-09
3162.7627627627626,6.446666283829234e-09
3166.6666666666665,6.33098311399266e-09
3170.5705705705705,6.217375838144438e-09
3174.4744744744744,6.105807205093603e-09
3178.3783783783783,5.996240632108743e-09
3182.2822822822823,5.888640192922816e-09
3186.186186186186,5.782970605953027e-09
3190.09009009009,5.679197222732234e-09
3193.993993993994,5.577286016547939e-09
3197.897897897898,5.477203571285058e-09
3201.801801801802,5.378917070468997e-09
3205.7057057057054,5.282394286505358e-09
3209.6096096096094,5.1876035701125575e-09
3213.5135135135133,5.094513839944358e-09
3217.4174174174173,5.003094572398375e-09
3221.321321321321,4.913315791607606e-09
3225.225225225225,4.825148059611475e-09
3229.129129129129,4.738562466703277e-09
3233.033033033033,4.653530621950924e-09
3236.936936936937,4.570024643887634e-09
3240.840840840841,4.488017151369789e-09
3244.744744744745,4.407481254598825e-09
3248.6486486486488,4.328390546304186e-09
3252.5525525525527,4.250719093084545e-09
3256.456456456456,4.1744414269043935e-09
3260.36036036036,4.09953253674318e-09
3264.264264264264,4.02596786039438e-09
3268.168168168168,3.95372327641168e-09
3272.072072072072,3.882775096199655e-09
3275.975975975976,3.813100056246441e-09
3279.87987987988,3.744675310495751e-09
3283.7837837837837,3.6774784228557803e-09
3287.6876876876877,3.611487359842532e-09
3291.5915915915916,3.546680483355185e-09
3295.4954954954956,3.483036543581046e-09
3299.3993993993995,3.4205346720278716e-09
3303.3033033033034,3.359154374681229e-09
3307.2072072072074,3.298875525284568e-09
3311.111111111111,3.2396783587399862e-09
3315.015015015015,3.1815434646273446e-09
3318.9189189189187,3.1244517808396933e-09
3322.8228228228227,3.068384587332917e-09
3326.7267267267266,3.013323499987561e-09
3330.6306306306305,2.9592504645807224e-09
3334.5345345345345,2.906147750866231e-09
3338.4384384384384,2.8539979467609833e-09
3342.3423423423424,2.8027839526355977e-09
3346.2462462462463,2.7524889757075574e-09
3350.1501501501502,2.7030965245349632e-09
3354.054054054054,2.6545904036090595e-09
3357.957957957958,2.6069547080438106e-09
3361.8618618618616,2.5601738183608266e-09
3365.7657657657655,2.5142323953677574e-09
3369.6696696696695,2.4691153751287048e-09
3373.5735735735734,2.4248079640248343e-09
3377.4774774774774,2.3812956339036157e-09
3381.3813813813813,2.3385641173151173e-09
3385.285285285285,2.296599402833827e-09
3389.189189189189,2.255387730464343e-09
3393.093093093093,2.2149155871295625e-09
3396.996996996997,2.175169702239836e-09
3400.900900900901,2.1361370433415893e-09
3404.804804804805,2.097804811844057e-09
3408.708708708709,2.0601604388227246e-09
3412.6126126126123,2.023191580898019e-09
3416.5165165165163,1.986886116187982e-09
3420.42042042042,1.9512321403336033e-09
3424.324324324324,1.91621796259542e-09
3428.228228228228,1.8818321020201857e-09
3432.132132132132,1.8480632836763596e-09
3436.036036036036,1.8149004349570896e-09
3439.93993993994,1.7823326819495765e-09
3443.843843843844,1.7503493458695903e-09
3447.747747747748,1.7189399395599352e-09
3451.6516516516517,1.688094164051784e-09
3455.5555555555557,1.6578019051877008e-09
3459.4594594594596,1.6280532303052639e-09
3463.3633633633635,1.5988383849801956e-09
3467.267267267267,1.5701477898279707e-09
3471.171171171171,1.541972037362732e-09
3475.075075075075,1.5143018889126857e-09
3478.978978978979,1.4871282715907638e-09
3482.8828828828828,1.46044227531968e-09
3486.7867867867867,1.434235149910367e-09
3490.6906906906906,1.4084983021928373e-09
3494.5945945945946,1.3832232931985297e-09
3498.4984984984985,1.3584018353932208e-09
3502.4024024024025,1.334025789959583e-09
3506.3063063063064,1.3100871641285305e-09
3510.2102102102103,1.2865781085584074e-09
3514.1141141141143,1.2634909147612502e-09
3518.0180180180178,1.2408180125752183e-09
3521.9219219219217,1.218551967682362e-09
3525.8258258258256,1.196685479170974e-09
3529.7297297297296,1.1752113771416607e-09
3533.6336336336335,1.15412262035635e-09
3537.5375375375374,1.1334122939295262e-09
3541.4414414414414,1.1130736070608744e-09
3545.3453453453453,1.0930998908086141e-09
3549.2492492492493,1.0734845959027905e-09
3553.153153153153,1.0542212905978056e-09
3557.057057057057,1.0353036585634845e-09
3560.960960960961,1.016725496813983e-09
3564.864864864865,9.984807136738808e-10
3568.7687687687685,9.805633267807195e-10
3572.6726726726724,9.629674611234545e-10
3576.5765765765764,9.456873471160551e-10
3580.4804804804803,9.287173187056916e-10
3584.3843843843842,9.120518115148662e-10
3588.288288288288,8.956853610169e-10
3592.192192192192,8.796126007441139e-10
3596.096096096096,8.638282605282218e-10
3600.0,8.483271647722691e-10
