time_btjd,flux,flux_err
1570.2644926357204,0.57683635,
1570.3061603011174,0.898732,
1570.3269941349809,0.9653714,
1570.3478279697747,0.976881,
1570.493664833125,1.0634415,
1570.5561663554345,0.99597,
1570.5770001972135,1.0184766,
1570.597834039459,0.9824257,
1570.6186678821687,1.1011026,
1570.6395017253449,1.0046976,
1570.660335568754,1.0437256,
1570.6811694128614,1.1516477,
1570.7020032572009,1.1988287,
1570.7228371020074,1.1594973,
1570.743670947046,1.0503176,
1570.7645047923174,1.0387498,
1570.7853386380543,0.9655122,
1570.8061724842569,0.949128,
1570.8270063304594,1.0156802,
1570.847840176894,0.93359447,
1570.8686740237958,0.99891806,
1570.8895078706973,0.97060627,
1570.910341718064,0.9853002,
1570.9311755654303,1.0103686,
1570.9520094130305,1.0465347,
1570.972843260863,1.0476732,
1570.9936771089278,1.0494615,
1571.014510956994,0.9810109,
1571.0353448052924,1.0201138,
1571.0561786535905,1.000329,
1571.0770125021213,0.944828,
1571.0978463506526,0.9841348,
1571.118680199417,0.9702676,
1571.1395140481804,0.99959064,
1571.160347896945,0.9862288,
1571.1811817459416,0.9904721,
1571.202015594705,1.042399,
1571.2228494437013,1.1323055,
1571.243683292698,1.1287339,
1571.2645171416943,1.0757985,
1571.2853509909241,0.94940305,
1571.306184839922,0.9283252,
1571.3270186889185,0.94790345,
1571.347852537915,0.9426256,
1571.3686863869116,0.9638029,
1571.3895202356755,0.97461367,
1571.4103540846727,0.9160931,
1571.431187933436,0.9599025,
1571.4520217821992,0.9964461,
1571.472855630962,0.9730844,
1571.493689479727,1.0442115,
1571.5145233282574,1.0208137,
1571.5353571767885,0.9999629,
1571.5561910250867,0.96066433,
1571.577024873385,0.9525465,
1571.597858721683,0.986818,
1571.6186925697484,0.9528939,
1571.6395264175803,0.98283213,
1571.6603602654131,0.9806981,
1571.6811941130136,1.0050354,
1571.7020279606131,0.98693645,
1571.7228618079794,1.0296746,
1571.743695655346,1.0848252,
1571.7645295024804,1.1979165,
1571.7853633493814,1.1436249,
1571.8061971962825,1.0717071,
1571.8270310427179,1.006471,
1571.8478648891537,0.93210226,
1571.868698735589,0.971047,
1571.8895325815583,0.9428477,
1571.910366427529,0.96851784,
1571.9312002732654,0.96881485,
1571.95203411877,0.938174,
1571.9728679640416,1.0168927,
1571.99370180908,0.99098104,
1572.0145356538856,1.0416783,
1572.0353694984585,1.076018,
1572.0562033430315,1.0982609,
1572.0770371871386,1.0204425,
1572.0978710312452,0.9790202,
1572.1187048748861,0.9831873,
1572.1395387185275,1.0092078,
1572.1603725617028,0.9813861,
1572.1812064046467,0.932808,
1572.2020402473565,0.9670231,
1572.2228740900664,0.9617147,
1572.2437079323108,0.9861697,
1572.2645417743233,1.0290024,
1572.285375616102,1.1709878,
1572.3062094574157,1.2424759,
1572.3270432987279,1.1598004,
1572.3478771395753,1.0379851,
1572.3687109801908,1.0136092,
1572.3895448205726,1.0042843,
1572.410378660722,0.95537066,
1572.4312125006377,0.9452002,
1572.4520463400877,0.9659179,
1572.4728801793055,0.9621595,
1572.4937140182906,0.98616797,
1572.5145478568095,1.0139645,
1572.5353816950965,0.99914783,
1572.55621553315,1.0614008,
1572.5770493709706,1.0571023,
1572.597883208326,1.0528508,
1572.6395508823366,0.97891444,
1572.6603847187605,0.9671441,
1572.6812185549516,0.98783183,
1572.7020523906765,0.97399545,
1572.722886226169,0.98381704,
1572.7437200614286,0.9950128,
1572.7645538962215,0.9748179,
1572.7853877307825,1.0132271,
1572.806221564878,1.0193557,
1572.8270553987395,1.1489545,
1572.84788923237,1.192066,
1572.8687230655341,1.0963993,
1572.889556898465,1.0082523,
1572.9103907309309,1.0006266,
1572.9312245629303,0.9933018,
1572.952058394697,0.99175,
1572.9728922262316,0.9696863,
1572.9937260573001,0.9400632,
1573.0145598881363,0.9789236,
1573.035393718506,1.0402641,
1573.0562275484103,1.0058666,
1573.077061378082,1.0127562,
1573.097895207288,1.0465102,
1573.1187290362614,1.0550476,
1573.139562864769,1.0712107,
1573.1603966930434,1.00229,
1573.1812305208518,0.9545428,
1573.202064348195,1.0156479,
1573.2228981753055,0.98017156,
1573.243732001951,0.9772545,
1573.2645658283627,0.98711926,
1573.2853996543085,0.94927704,
1573.3062334797892,1.0057063,
1573.3270673050374,1.0164391,
1573.3479011298186,1.0542313,
1573.368734954135,1.2314314,
1573.3895687782185,1.214899,
1573.410402601836,1.1442493,
1573.4312364249886,1.0140394,
1573.4520702479076,1.0157739,
1573.472904070361,1.0086396,
1573.4937378923496,1.0002367,
1573.514571714104,0.939512,
1573.5354055351609,0.9467724,
1573.5562393559853,0.98216045,
1573.5770731765765,0.98784196,
1573.5979069964696,0.9749828,
1573.6187408161286,1.0102528,
1573.639574635323,1.0847487,
1573.6604084542846,1.0281388,
1573.6812422725466,1.046142,
1573.702076090577,1.0300052,
1573.7229099081414,0.97644264,
1573.7437437252397,0.9645835,
1573.7645775421056,0.99554515,
1573.7854113585054,0.98282963,
1573.8062451744395,0.96282995,
1573.8270789899088,0.9902179,
1573.8479128049125,0.99085766,
1573.8687466194497,1.0349514,
1573.889580433754,1.1625242,
1573.9104142475935,1.217452,
1573.9312480609665,1.1836493,
1573.952081873874,1.0759125,
1573.9729156863164,1.0327425,
1573.9937494985256,1.018009,
1574.014583310269,0.98660094,
1574.0354171213135,0.9732024,
1574.0562509321244,0.949434,
1574.077084742471,0.9434353,
1574.0979185523524,0.9731957,
1574.1187523619997,0.9674744,
1574.13958617095,0.9912477,
1574.1604199796666,1.0675211,
1574.1812537876845,1.0646654,
1574.20208759547,1.0565377,
1574.2229214027893,0.99375546,
1574.2437552096435,1.0373175,
1574.2645890160316,1.0266104,
1574.2854228219544,0.98389745,
1574.3062566274116,0.9678697,
1574.3270904324027,0.9375084,
1574.347924236929,0.9745639,
1574.3687580412216,0.9747408,
1574.3895918448156,0.98411775,
1574.410425648178,1.1023847,
1574.4312594508406,1.1407701,
1574.4520932532705,1.1961296,
1574.4729270550024,1.2165331,
1574.493760856501,1.048068,
1574.5145946575344,1.0070642,
1574.5354284578693,0.9827015,
1574.5562622579714,0.99994093,
1574.5770960576078,0.9745776,
1574.5979298567786,0.9736223,
1574.6187636552495,0.95754254,
1574.639597453489,0.9897083,
1574.6604312512636,1.0086249,
1574.68126504857,1.016103,
1574.7020988451786,1.0704333,
1574.7229326415554,1.0213919,
1574.7437664374665,1.0365491,
1574.7646002329116,1.0073602,
1574.785434027658,0.9926253,
1574.806267822172,1.0331196,
1574.8271016162207,0.94081235,
1574.8479354095707,0.97692335,
1574.8687692026865,0.9554759,
1574.889602995106,1.0016948,
1574.9104367872915,1.0057427,
1574.9312705787784,1.015487,
1574.9521043697996,1.0636017,
1574.972938160356,1.2082491,
1574.9937719506784,1.1936566,
1575.014605740303,1.1408739,
1575.0354395294617,1.0034919,
1575.056273318155,1.0019748,
1575.0771071063823,1.0038143,
1575.0979408939115,1.0188602,
1575.1187746812075,0.9730368,
1575.139608468038,0.9710729,
1575.1604422541704,0.98995316,
1575.1812760400694,0.9748077,
1575.2021098252694,1.0350363,
1575.2229436100047,1.0137465,
1575.243777394274,1.1224811,
1575.2646111780787,1.0594254,
1575.2854449614156,1.0507416,
1575.3062787440554,0.9867877,
1575.3271125264614,0.9863128,
1575.3479463081694,0.9563475,
1575.3687800896446,0.9269328,
1575.3896138704208,0.99487215,
1575.4104476507318,0.9777185,
1575.431281430578,0.9886788,
1575.4521152097254,1.0160606,
1575.4729489886395,1.0184338,
1575.4937827668546,1.1103889,
1575.5146165446045,1.2100321,
1575.5354503218891,1.1988337,
1575.5562840987086,1.1211265,
1575.5771178750615,0.98458683,
1575.5979516507155,0.9827812,
1575.618785426137,0.9876014,
1575.6396192008606,0.91675556,
1575.660452975118,0.96477497,
1575.6812867486774,0.9913546,
1575.7021205220035,0.9729248,
1575.7229542946316,1.0016017,
1575.76462183849,1.0199301,
1575.7854556097209,1.0687785,
1575.8062893802526,1.0511391,
1575.8271231505523,1.0222336,
1575.8479569201527,1.0048709,
1575.868790689055,1.0300406,
1575.889624457725,1.0101067,
1575.9104582256964,0.97825927,
1575.9312919932013,0.9480589,
1575.9521257602414,1.0165342,
1575.9729595265821,0.95629287,
1575.9937932926896,1.0350544,
1576.0146270585656,1.040998,
1576.0354608235107,1.1180568,
1576.0562945879883,1.2208424,
1576.0771283517684,1.195072,
1576.0979621150823,1.0723257,
1576.1187958779315,0.99620146,
1576.1396296400817,1.0236571,
1576.1604634017672,0.9541161,
1576.1812971629865,0.9339958,
1576.2021309235065,0.96540004,
1576.2229646837945,0.9375945,
1576.2437984431504,0.98279,
1576.2646322022733,0.9751528,
1576.2854659606985,0.9725575,
1576.3062997186576,1.0361979,
1576.327133476152,1.0317988,
1576.3479672329477,1.0439341,
1576.3688009892767,1.0679322,
1576.3896347451405,1.0034244,
1576.4104685003053,0.95141405,
1576.4313022550054,0.9521484,
1576.4521360092394,0.96959543,
1576.4729697627745,0.923338,
1576.493803515845,0.9802118,
1576.5146372684494,1.0196213,
1576.5354710203555,0.96390915,
1576.5563047717956,1.0198663,
1576.5771385225366,1.1656679,
1576.5979722730453,1.2359539,
1576.6188060226218,1.1553223,
1576.6396397719654,1.0866482,
1576.6604735206115,1.0183349,
1576.681307268559,0.9783216,
1576.7021410160414,0.96644825,
1576.7229747630586,1.0291883,
1576.7438085096087,0.9568069,
1576.7646422554603,0.9769419,
1576.7854760006144,0.9391715,
1576.8063097453019,1.0039557,
1576.8271434895246,0.9592519,
1576.8479772330475,1.0754412,
1576.8688109761056,1.0592599,
1576.889644718698,1.0911258,
1576.9104784605915,1.0257049,
1576.9313122017875,1.0064008,
1576.9521459427506,1.0226568,
1576.9729796827824,0.97550696,
1576.9938134223476,0.9713936,
1577.0146471614476,0.92604357,
1577.0354808998495,0.95309347,
1577.056314637785,1.0028946,
1577.0771483752555,1.0176727,
1577.0979821117935,1.0569314,
1577.1188158480995,1.1926614,
1577.1396495837075,1.2178569,
1577.1604833186166,1.1431359,
1577.1813170530595,1.04095,
1577.2021507868044,1.0159687,
1577.2229845200836,0.97225386,
1577.2438182528963,0.963313,
1577.264651984778,0.94844234,
1577.2854857164266,1.0060612,
1577.3063194473775,0.971856,
1577.3271531776295,0.9943603,
1577.3479869074174,0.97983336,
1577.3688206365064,0.98945993,
1577.3896543648957,1.0494266,
1577.4104880928198,1.0457073,
1577.4313218202783,1.0040326,
1577.4521555470378,1.0034255,
1577.4729892730993,0.99207383,
1577.4938229986956,0.9983949,
1577.5146567235925,1.007533,
1577.5354904480241,0.9739553,
1577.5563241717568,0.96061546,
1577.5771578947915,1.0067652,
1577.5979916173605,1.0064672,
1577.618825339231,1.0259686,
1577.6396590606355,1.1085945,
1577.6604927813419,1.2081248,
1577.6813265013493,1.1915343,
1577.7021602208915,1.0988735,
1577.7229939397357,1.0771809,
1577.7438276578805,0.9994389,
1577.7646613755605,0.9833159,
1577.7854950925412,0.97571737,
1577.8063288088233,0.95714766,
1577.8271625246407,0.9628477,
1577.8479962397587,0.96556056,
1577.8688299544115,0.99869806,
1577.8896636681325,1.0078912,
1577.9104973813874,1.0388727,
1577.9313310941766,1.0229405,
1577.9521648060354,1.0164461,
1577.9729985174286,1.0509142,
1577.9938322281237,1.0311018,
1578.0146659383527,0.984948,
1578.0354996476494,0.96965754,
1578.0563333564814,0.98301756,
1578.0771670648473,0.9213463,
1578.0980007722824,0.9493636,
1578.118834479252,0.9849603,
1578.1396681855226,1.0027095,
1578.160501891095,1.0403535,
1578.1813355959684,1.1592965,
1578.2021693003771,1.2111441,
1578.2230030038536,1.2130543,
1578.2438367068644,1.1025662,
1578.2646704091767,0.97813725,
1578.2855041110233,1.0197916,
1578.3063378119386,0.9655545,
1578.3271715123883,0.97817874,
1578.3480052119075,0.9702932,
1578.3688389109607,0.99421614,
1578.3896726093153,1.0209808,
1578.4105063072038,0.9893645,
1578.4313400041615,0.9981759,
1578.4521737004206,1.0435948,
1578.4730073962137,1.0473225,
1578.4938410910759,1.0364633,
1578.5146747854724,1.0415651,
1578.5355084791704,1.0167576,
1578.556342172169,0.91861016,
1578.5771758642363,0.9884615,
1578.5980095558384,0.9797521,
1578.618843246742,0.96593004,
1578.6396769369467,0.93666315,
1578.6605106264533,1.0701902,
1578.6813443152623,0.99072874,
1578.7021780033724,1.0456358,
1578.7230116907836,1.1722952,
1578.7438453774967,1.2403883,
1578.7646790635115,1.2118561,
1578.7855127488274,1.0470755,
1578.8063464334446,1.0106351,
1578.8271801173637,1.0307937,
1578.8480138005843,0.9394285,
1578.8896811646955,0.98686695,
1578.9105148455878,0.9893882,
1578.9313485260145,0.98871356,
1578.9521822055094,1.0077715,
1578.9730158843065,1.0107356,
1578.9938495624046,1.0196695,
1579.0146832398045,1.0683829,
1579.035516916273,1.0470226,
1579.0563505922755,1.0100555,
1579.0771842673466,1.0059326,
1579.0980179417184,0.9834058,
1579.1188516153934,0.9623799,
1579.1396852881367,0.9521228,
1579.160518960181,0.9630717,
1579.1813526315277,0.953934,
1579.2021863021741,0.97133887,
1579.2230199721225,0.9937146,
1579.2438536411405,1.0836275,
1579.264687309459,1.1728027,
1579.2855209768463,1.2321247,
1579.3063546435365,1.1832267,
1579.3271883095276,1.0202776,
1579.3480219745866,0.9939367,
1579.3688556389484,0.9893771,
1579.3896893026103,0.9989898,
1579.4105229653414,0.9828248,
1579.4313566273736,0.9282099,
1579.4521902884753,1.0103489,
1579.4730239488786,1.0031837,
1579.4938576083505,0.97805756,
1579.5146912671235,1.0076029,
1579.5355249249656,1.1115949,
1579.5563585821085,1.020016,
1579.5771922383205,1.0393462,
1579.5980258938334,1.0260841,
1579.6188595484164,1.0398295,
1579.639693202067,1.01783,
1579.6605268550195,1.0022304,
1579.6813605070406,0.9867744,
1579.7021941581297,0.9292937,
1579.7230278085203,0.9914869,
1579.7438614579805,0.9758876,
1579.7646951065094,0.9930954,
1579.7855287541074,1.1077416,
1579.8063624010056,1.1796627,
1579.8271960469724,1.20066,
1579.848029692008,1.129296,
1579.8688633361126,0.99198014,
1579.8896969795187,0.9941342,
1579.9105306217616,0.99005485,
1579.9313642633044,0.95080394,
1579.9521979036836,0.955648,
1579.9730315433644,0.9790811,
1579.9938651821144,1.0264162,
1580.0146988197,0.9927349,
1580.0355324565865,1.0074887,
1580.056366092309,1.0019735,
1580.0771997273337,1.0460194,
1580.098033361194,1.0527028,
1580.1188669941234,1.0285622,
1580.1397006261204,1.0229816,
1580.1605342571866,1.0225883,
1580.1813678870885,1.004886,
1580.2022015160596,0.9986351,
1580.223035144099,0.94457513,
1580.2438687712065,0.96526724,
1580.2647023971504,0.97953427,
1580.2855360219305,1.0084201,
1580.3063696460117,1.0316304,
1580.3272032686964,1.1603478,
1580.3480368906814,1.1898767,
1580.3688705115023,1.1676681,
1580.3897041311607,1.056607,
1580.4105377496544,1.033777,
1580.431371367216,0.9789575,
1580.4522049836137,0.9724323,
1580.4730385990806,0.9668222,
1580.4938722131496,1.0010049,
1580.5147058262874,0.9901433,
1580.5355394382605,1.005919,
1580.5563730490703,0.97384423,
1580.5772066587165,1.0088861,
1580.5980402671985,1.0656812,
1580.6188738745154,1.0738251,
1580.6397074806687,0.99844337,
1580.6605410854245,1.0123531,
1580.6813746892503,0.9853541,
1580.7022082916774,0.99302006,
1580.7230418929416,0.9808998,
1580.7438754930408,1.0002099,
1580.7647090917444,0.99552023,
1580.7855426890496,0.9502671,
1580.8063762851907,0.99732697,
1580.8272098801685,1.0174241,
1580.8480434737494,1.0725362,
1580.8688770659319,1.1686289,
1580.8897106567183,1.2366847,
1580.9105442463406,1.1492914,
1580.9313778343335,1.0386311,
1580.9522114211616,1.026172,
1580.9730450065927,0.9860361,
1580.9938785903946,0.9509531,
1581.0147121727985,0.9668104,
1581.0355457538053,1.0044689,
1581.0563793334163,0.99449486,
1581.0772129113975,0.9764494,
1581.0980464877484,0.9988786,
1581.118880062702,1.0567306,
1581.1397136362584,1.0253466,
1581.1605472079518,1.0331621,
1581.1813807782487,1.0617168,
1581.2022143466834,0.9858958,
1581.2230479137215,0.9697612,
1581.2438814788966,0.975669,
1581.2647150426747,0.97157216,
1581.2855486045905,0.98041844,
1581.3063821646424,0.94196945,
1581.3272157230654,0.9662234,
1581.3480492796257,0.9888182,
1581.368882834323,1.0358795,
1581.3897163873903,1.084231,
1581.4105499383636,1.198302,
1581.4313834877066,1.1789099,
1581.452217034953,1.1234186,
1581.473050580337,1.0160686,
1581.4938841236267,0.97875005,
1581.5147176648195,0.9473291,
1581.5355512041506,1.0221008,
1581.5563847413855,0.92977804,
1581.5772182765254,0.9773568,
1581.5980518095694,0.9671907,
1581.6188853402855,1.0114698,
1581.6397188689061,1.0167612,
1581.6605523951985,1.046433,
1581.6813859193953,1.0654199,
1581.702219441031,1.0138701,
1581.7230529605704,1.0224864,
1581.7438864775504,1.0204296,
1581.7647199924336,0.962387,
1582.7855592960286,0.9706422,
1582.8063927250473,1.0276355,
1582.827226155697,1.0040321,
1582.8480595879764,0.98762,
1582.868893021885,1.0009347,
1582.8897264578895,1.0202366,
1582.9105598957572,1.0181044,
1582.9313933357193,0.9923977,
1582.9522267775446,1.0051194,
1582.973060221698,0.95742315,
1582.9938936681806,0.9980014,
1583.0147271165247,1.1880368,
1583.0355605674295,1.0875834,
1583.056394020431,1.1003646,
1583.8897336613209,0.6078934,
1583.9105671785828,0.7941976,
1583.931400696777,0.8230414,
1583.952234215669,0.8799206,
1583.9730677350265,0.90223795,
1583.993901255316,0.91825867,
1584.0147347760703,0.94210273,
1584.0355682975237,1.0381206,
1584.2022364889385,1.0324783,
1584.223070015049,0.99225575,
1584.2439035416246,1.0398561,
1584.264737068433,1.0451671,
1584.2855705954735,1.0482947,
1584.3064041232142,1.0228152,
1584.327237650953,1.0649787,
1584.3480711791576,1.1152455,
1584.368904707829,1.0307465,
1584.3897382364999,1.0317976,
1584.4105717656366,1.0371926,
1584.4314052950053,0.95727867,
1584.452238824375,1.0007623,
1584.4730723542104,0.9392784,
1584.493905884277,0.99699426,
1584.514739414345,0.9598295,
1584.5355729446464,0.9444546,
1584.55640647518,0.9647993,
1584.577240005946,0.9835434,
1584.598073536713,1.0072501,
1584.6189070677115,1.1439662,
1584.63974059871,1.1835694,
1584.6605741299431,1.1289207,
1584.681407661175,1.0008172,
1584.702241192407,0.96896666,
1584.7230747238714,0.96039456,
1584.743908255336,0.94558936,
1584.7647417870335,0.948325,
1584.785575318498,0.97748905,
1584.806408850196,0.97867113,
1584.8272423816616,1.0093004,
1584.8480759133586,1.0133966,
1584.868909445056,0.99312955,
1584.889742976754,1.0385385,
1584.9105765084514,1.0260727,
1584.931410039916,0.9896831,
1584.9522435716135,1.0055679,
1584.973077103079,1.0316523,
1584.9939106345435,1.0206429,
1585.0147441660079,0.95665336,
1585.0355776974734,0.924983,
1585.0564112287045,0.9808327,
1585.077244759936,1.0069577,
1585.0980782911683,0.94379675,
1585.118911822168,1.0093951,
1585.1397453531674,1.0234077,
1585.1605788841657,1.1658213,
1585.1814124149323,1.1698258,
1585.2022459454656,1.1127394,
1585.2230794759985,1.0042548,
1585.243913006532,0.97354424,
1585.2647465368336,0.989143,
1585.2855800669006,0.9786686,
1585.306413596968,0.9730167,
1585.3272471268033,0.9846198,
1585.3480806564055,0.96526235,
1585.3689141860077,0.9374421,
1585.3897477153764,1.0051837,
1585.410581244514,1.0072082,
1585.4314147734171,1.0751107,
1585.45224830232,0.99738556,
1585.4730818309908,1.0170132,
1585.4939153594291,0.9868447,
1585.5147488876337,0.968401,
1585.5355824156059,0.97520125,
1585.556415943579,0.9542109,
1585.577249471085,0.9775363,
1585.598082998591,0.9617366,
1585.618916525633,0.9535924,
1585.6397500526734,0.9907539,
1585.660583579481,1.0158844,
1585.681417105824,1.0192176,
1585.7022506321664,1.1642425,
1585.723084158276,1.1728377,
1585.74391768392,1.0635318,
1585.764751209564,1.008185,
1585.7855847347419,1.0374526,
1585.8064182599205,1.0098271,
1585.8272517846326,0.95232147,
1585.848085309113,0.961635,
1585.8689188333594,1.0068004,
1585.889752357373,0.9644153,
1585.9105858811545,0.98408526,
1585.9522529275523,1.0221512,
1585.9730864504027,1.0610015,
1585.9939199730202,1.0126249,
1586.0147534954044,1.0518775,
1586.0355870173225,1.0102401,
1586.056420539009,0.9723794,
1586.0772540604614,0.9643797,
1586.0980875814485,0.9705846,
1586.1189211024357,0.9842975,
1586.139754622958,0.96806955,
1586.1605881430135,0.953504,
1586.1814216628363,1.0017551,
1586.202255182427,1.0247831,
1586.2230887017845,1.1314179,
1586.2439222206754,1.1970757,
1586.264755739102,1.176707,
1586.285589257529,1.0721107,
1586.3064227754894,0.96230227,
1586.3272562929833,1.0099607,
1586.3480898102462,0.9591474,
1586.3689233272744,0.98095447,
1586.3897568438374,1.0125673,
1586.410590360168,0.9963515,
1586.431423876034,0.94623595,
1586.452257391666,0.9864056,
1586.473090906832,1.0178444,
1586.4939244217653,1.0659118,
1586.5147579362333,0.99684197,
1586.5355914504685,1.0393411,
1586.556424964238,1.052123,
1586.577258477542,1.0265846,
1586.5980919908461,0.9877909,
1586.618925503451,0.98026747,
1586.6397590158235,0.96971273,
1586.6605925277295,0.9817622,
1586.681426039404,0.9714352,
1586.702259550613,0.99162275,
1586.7230930615883,1.0107967,
1586.7439265720975,1.0410845,
1586.764760082375,1.1480112,
1586.785593591954,1.2110728,
1586.806427101299,1.128365,
1586.827260610411,1.0252587,
1586.8480941190592,1.0198839,
1586.868927627241,0.99598724,
1586.8897611351895,0.9800071,
1586.9105946424384,0.9273654,
1586.931428149689,0.9746137,
1586.9522616562404,0.9462684,
1586.9730951625595,0.9788175,
1586.993928668413,1.0117,
1587.0147621740334,1.0287822,
1587.0355956789554,1.0244498,
1587.0564291836445,1.0778174,
1587.077262687868,1.0881966,
1587.0980961918576,1.029722,
1587.1189296953821,1.0021544,
1587.1397631984419,0.99871737,
1587.1605967010364,0.94778436,
1587.1814302031635,0.9718673,
1587.2022637050582,0.96779734,
1587.2230972064876,0.9666143,
1587.243930707452,1.01199,
1587.264764208183,1.0193729,
1587.285597708215,1.0869313,
1587.3064312080146,1.1465986,
1587.3272647073475,1.2240472,
1587.348098206216,1.1350098,
1587.368931704852,1.0336645,
1587.389765202789,1.021354,
1587.4105987004925,0.9782728,
1587.4314321977304,0.95501935,
1587.4522656945037,0.98360175,
1587.4730991908104,0.9156935,
1587.493932686652,0.9545694,
1587.5147661822612,0.992205,
1587.535599677171,0.95959395,
1587.5564331718474,1.0073383,
1587.5772666660591,1.0351954,
1587.598100159806,1.0198245,
1587.618933653086,1.0101894,
1587.6397671459,1.0289052,
1587.660600638482,1.0403191,
1587.6814341303657,1.0153232,
1587.7022676220154,0.97897786,
1587.723101112967,0.9676116,
1587.743934603687,1.0239198,
1587.76476809394,1.0170547,
1587.7856015837274,1.0016752,
1587.8064350728164,1.0325747,
1587.8272685616735,1.1330543,
1587.848102050297,1.2393854,
1587.8689355382226,1.2264783,
1587.889769025682,1.150986,
1587.9106025126755,1.0442687,
1587.9314359992031,0.97982794,
1587.9522694852653,0.981366,
1587.9731029710956,0.95344967,
1587.9939364562265,0.96378803,
1588.0147699408922,0.96104455,
1588.0356034253255,0.9868264,
1588.056436909059,0.9852754,
1588.0772703923271,1.0001717,
1588.098103875363,1.0445025,
1588.1189373577,1.0354706,
1588.1397708395712,1.0316113,
1588.1606043212096,0.99078435,
1588.18143780215,0.9997107,
1588.2022712826251,1.017141,
1588.2231047628666,0.9636127,
1588.2439382424095,0.9936273,
1588.2647717214877,0.97786826,
1588.2856052000984,0.96711665,
1588.3064386784777,1.0018326,
1588.327272156158,1.0202087,
1588.3481056333726,1.028104,
1588.368939110122,1.1448574,
1588.3897725864067,1.1825889,
1588.4106060622244,1.167165,
1588.4314395373435,1.0935372,
1588.4522730122294,1.0124514,
1588.4731064866505,0.9759613,
1588.4939399603725,0.9671178,
1588.5147734338616,0.95181006,
1588.535606906653,0.9619079,
1588.5564403792114,0.9642268,
1588.5772738510714,0.9915429,
1588.5981073224657,1.0138379,
1588.6189407933944,1.020743,
1588.6397742638565,1.0491832,
1588.6606077338533,1.0473398,
1588.681441203152,1.0297017,
1588.702274672218,0.9883118,
1588.7231081405848,1.0113751,
1588.743941608719,0.93132216,
1588.764775076155,0.99773985,
1588.785608543125,0.98228276,
1588.8064420096293,0.9799461,
1588.8272754756686,0.91543233,
1588.8481089410088,0.99936074,
1588.868942406117,1.0301024,
1588.8897758705266,1.0529879,
1588.9106093344699,1.182688,
1588.9314427979475,1.2267201,
1588.952276260959,1.1861961,
1588.973109723506,1.0560299,
1588.993943185354,1.0252948,
1589.0147766467364,1.0062134,
1589.0356101078855,0.99645376,
1589.0772770280885,0.97000957,
1589.098110487608,0.98583525,
1589.1189439464297,1.0007695,
1589.1397774050179,0.97269017,
1589.1606108629076,1.003044,
1589.1814443203316,1.0628222,
1589.2022777770576,1.055556,
1589.2231112333166,0.989562,
1589.2439446893436,1.054872,
1589.2647781444393,0.9655655,
1589.2856115993031,1.016707,
1589.3064450537,0.9594879,
1589.3272785073987,0.9290509,
1589.348111960632,0.9514485,
1589.3689454131666,0.96528494,
1589.389778865468,1.0005639,
1589.4106123170714,0.99860156,
1589.4314457682099,1.1034691,
1589.452279218882,1.1741456,
1589.4731126688562,1.1932102,
1589.493946118597,1.1202824,
1589.514779567639,1.0119698,
1589.5356130159826,0.98851675,
1589.5564464640934,1.0041173,
1589.5772799115066,0.9526168,
1589.5981133584526,0.9494336,
1589.6189468047005,0.9991859,
1589.6397802504835,1.0171847,
1589.6606136958005,0.99246615,
1589.681447140651,0.9809738,
1589.7022805848046,1.0255604,
1589.7231140284914,1.0161381,
1589.7439474717114,1.0559096,
1589.7647809144669,1.0444795,
1589.7856143565245,1.0213282,
1589.806447798116,0.99315417,
1589.8272812390092,0.98030525,
1589.8481146794365,0.9354916,
1589.868948119399,0.9935095,
1589.8897815588946,0.9956658,
1589.910614997692,0.9884144,
1589.9314484360243,1.0253296,
1589.9522818736575,1.0131658,
1589.973115310825,1.1232351,
1589.9939487475276,1.2178085,
1590.0147821835317,1.2229714,
1590.0356156193025,1.0484087,
1590.0564490541415,1.052715,
1590.0772824887486,1.0000156,
1590.0981159224234,0.96171993,
1590.1189493558659,0.96652126,
1590.1397827886103,0.9365641,
1590.160616220889,0.96081555,
1590.1814496524685,0.9554638,
1590.2022830835826,1.0284379,
1590.2231165142316,0.9730996,
1590.2439499441816,1.0866346,
1590.2647833736655,1.0505081,
1590.2856168026847,1.0457349,
1590.3064502310044,1.033159,
1590.3272836586254,1.005534,
1590.348117085781,0.9557902,
1590.368950512472,0.97949475,
1590.3897839384636,0.93368304,
1590.4106173639893,0.9839868,
1590.4314507890504,0.968429,
1590.452284213413,0.98141456,
1590.4731176370765,1.0083487,
1590.493951060274,1.0740583,
1590.5147844830071,1.1789824,
1590.5356179050405,1.2093338,
1590.5564513266086,1.2158375,
1590.577284747478,1.0384549,
1590.5981181678815,0.96182394,
1590.6189515875865,1.0983391,
1590.639785006826,1.0004079,
1590.6606184253674,0.929635,
1590.6814518434435,0.95977205,
1590.702285261053,0.97523946,
1590.7231186777321,0.99837106,
1590.7439520941784,0.98614264,
1590.7647855099256,1.005671,
1590.785618924974,1.0833856,
1590.8064523395574,1.0780112,
1590.8272857534416,1.0159941,
1590.8481191668593,1.0080746,
1590.8689525795803,1.0311635,
1590.889785991836,0.9841315,
1590.910619403392,0.9678947,
1590.9314528144823,1.0052503,
1590.952286224875,0.96039575,
1590.9731196345685,0.96227795,
1590.9939530437964,1.0046299,
1591.0147864525584,1.0340397,
1591.0356198603895,1.0833893,
1591.0564532679875,1.1879739,
1591.0772866746547,1.2178624,
1591.098120080856,1.1773417,
1591.1189534865914,0.99058014,
1591.1397868916283,1.0173324,
1591.1606202959674,0.9976583,
1591.1814536998404,0.99430573,
1591.2022871030135,0.9868242,
1591.2231205054895,0.9583005,
1591.2439539075003,0.9472019,
1591.2647873088115,0.94316834,
1591.285620709658,0.9964133,
1591.306454109806,1.0853078,
1591.327287509255,1.049135,
1591.3481209082374,1.0217584,
1591.3689543065225,1.037478,
1591.3897877041095,1.0144819,
1591.4106211012304,0.98307467,
1591.4314544976523,0.9607837,
1591.4522878933767,0.9403826,
1591.4731212886345,1.039888,
1591.4939546831936,1.010202,
1591.5147880770546,0.96725965,
1591.5356214702174,0.98161405,
1591.5564548629145,0.999414,
1591.5772882549131,1.1052313,
1591.5981216464454,1.1888094,
1591.618955037047,1.2047198,
1591.6397884271826,1.1497916,
1591.660621816853,1.0414433,
1591.6814552055926,1.0167804,
1591.7022885938654,0.9681939,
1591.7231219814396,0.9480769,
1591.7439553683157,0.9959461,
1591.7647887544936,0.98250127,
1591.7856221402055,0.9664114,
1591.806455525219,1.0300546,
1591.8272889095347,0.9943118,
1591.8481222931505,1.0315179,
1591.8689556763006,1.0453948,
1591.8897890585204,1.0282047,
1591.9106224402753,1.0313547,
1591.9314558213305,0.9748034,
1591.9522892016864,1.0140114,
1591.973122581345,0.99406415,
1591.9939559605375,0.95782447,
1592.0147893390322,0.9939462,
1592.0356227165953,0.9883553,
1592.0564560936925,0.979449,
1592.0772894700906,0.9877701,
1592.0981228457908,1.0344507,
1592.1189562207933,1.1793737,
1592.1397895953296,1.2328192,
1592.1606229689335,1.2496186,
1592.202289714281,1.0065085,
1592.2231230857906,1.0004169,
1592.2439564568335,0.9903029,
1592.2647898271784,0.98950046,
1592.285623196593,0.9718578,
1592.3064565655416,0.9383516,
1592.327289933791,0.99533665,
1592.3481233013415,0.97974366,
1592.368956667961,1.0161756,
1592.3897900341153,1.024418,
1592.4106233995717,1.0426047,
1592.4314567640959,1.0548692,
1592.452290128154,1.0111991,
1592.4731234912815,1.0524973,
1592.493956853944,0.9524897,
1592.514790215674,0.98650026,
1592.5356235769375,0.9124976,
1592.5564569372714,0.94419396,
1592.5772902969074,1.001631,
1592.5981236558434,1.0415049,
1592.6189570140805,1.0410296,
1592.6397903716206,1.0150994,
1592.6606237282285,1.1818829,
1592.6814570843705,1.2681332,
1592.7022904395817,1.1715882,
1592.7231237940946,1.0146008,
1592.743957147909,1.0522474,
1592.764790501024,0.96602535,
1592.7856238532086,0.9578747,
1592.8064572046944,0.9878001,
1592.8272905554813,0.9479371,
1592.8481239055704,0.9885468,
1592.8689572549606,0.97486544,
1592.8897906034194,1.0132678,
1592.91062395118,0.971547,
1592.9314572980095,1.035155,
1592.9522906441396,1.0650847,
1592.9731239895714,1.0432243,
1592.9939573343054,1.048299,
1593.014790678108,1.0109979,
1593.035624021212,0.9688326,
1593.0564573633847,0.9790148,
1593.0772907048586,0.93412226,
1593.0981240456335,1.0249283,
1593.118957385478,0.9336757,
1593.1397907243904,0.9964737,
1593.160624062838,1.012655,
1593.1814574001214,1.055598,
1593.202290736706,1.1910771,
1593.2231240725926,1.2333411,
1593.2439574075465,1.1259929,
1593.2647907418032,1.0339209,
1593.285624075128,1.0153553,
1593.3064574075215,0.94168675,
1593.327290739217,0.99661165,
1593.3481240699805,0.9543641,
1593.368957399813,0.9515148,
1593.3897907289465,0.96727043,
1593.4106240571496,0.9890228,
1593.431457384421,0.99194205,
1593.452290710994,0.9823507,
1593.4731240366355,1.0454785,
1593.4939573613456,1.0726104,
1593.5147906851244,1.0173494,
1593.5356240082044,1.0135177,
1593.5564573301206,0.9773429,
1593.5772906513384,0.9661734,
1593.5981239716257,1.0182254,
1593.61895729098,0.9380925,
1593.639790609403,0.95782614,
1593.6606239268963,1.0016019,
1593.6814572434569,1.0087996,
1593.7022905590866,1.0596926,
1593.7231238737854,1.1118442,
1593.7439571875525,1.221023,
1593.7647905003885,1.1954186,
1593.7856238122931,1.1114571,
1593.8064571230334,1.0241078,
1593.8272904330745,1.0077446,
1593.8481237419523,0.9932151,
1593.8689570498984,1.0253662,
1593.889790356914,0.9643426,
1593.910623662764,0.97046393,
1593.9314569676835,0.94785684,
1593.9522902716726,0.97351795,
1593.973123574496,0.9695616,
1593.9939568763884,0.99302936,
1594.014790177118,1.0620481,
1594.0356234769156,1.0771149,
1594.0564567757806,1.0132107,
1594.07729007325,1.0000211,
1594.0981233700204,0.9976937,
1594.1189566653934,0.9257593,
1594.139789959835,0.95609516,
1594.160623253113,0.9865629,
1594.1814565454606,0.92531145,
1594.20228983641,0.95869225,
1594.2231231264282,1.0484463,
1594.243956415283,1.0339566,
1594.2647897029724,1.138946,
1594.2856229894978,1.1923023,
1594.3064562746274,1.1883655,
1594.327289558825,1.047183,
1594.3481228418584,0.9859817,
1594.3689561234946,1.0106574,
1594.3897894041993,1.0108498,
1594.410622683507,0.9355997,
1594.4314559614181,0.94852924,
1594.452289238166,1.0048896,
1594.4731225137489,1.0286549,
1594.4939557881676,1.0119953,
1594.5147890609555,0.9856536,
1594.5356223325807,1.0593476,
1594.5564556030415,1.081409,
1594.5772888718716,1.0510175,
1594.5981221395386,1.0231375,
1594.6189554058085,0.9949587,
1594.6397886706804,0.9902614,
1594.6606219341566,0.96469766,
1594.6814551962354,0.97036314,
1594.7022884569164,0.9640176,
1594.7231217159674,0.97599274,
1594.743954973623,0.9812686,
1594.764788229881,1.0517558,
1594.7856214845085,1.0186485,
1594.8064547377398,1.1949197,
1594.8272879893416,1.2047157,
1594.8481212393126,1.1433419,
1594.8689544878864,1.0180672,
1594.8897877348313,0.9988678,
1594.9106209799136,1.0051264,
1594.9314542235984,0.9662059,
1594.9522874654203,0.9672404,
1594.9731207056134,0.957082,
1594.9939539441755,1.0061861,
1595.0147871808754,1.000615,
1595.0356204157133,0.9923599,
1595.0564536489214,1.0162833,
1595.0772868802655,1.0325662,
1595.0981201097475,1.1112063,
1595.1189533373677,1.0545514,
1595.1397865631245,1.0290725,
1595.1606197867854,1.0028358,
1595.1814530085849,0.9834197,
1595.2022862282886,0.95562714,
1595.2231194461294,0.9448983,
1595.2439526618741,0.9670021,
1595.264785875524,0.9699428,
1595.285619087078,1.0004265,
1595.3064522965365,1.0042001,
1595.3272855036676,1.061349,
1595.3481187084699,1.1996354,
1595.368951911176,1.1845573,
1595.389785111787,1.127491,
1595.4106183098374,1.0097729,
1595.431451505559,1.0348762,
1595.4522846989526,0.96108484,
1595.4731178900179,0.95740086,
1595.493951078523,0.94391805,
1595.5147842644656,0.9725284,
1595.5356174478466,1.0202978,
1595.5564506289006,1.0140399,
1595.5772838071596,0.9936614,
1595.5981169830904,1.007584,
1595.6189501559957,1.0547262,
1595.6397833265714,1.0660359,
1595.6606164941204,1.0094184,
